/*
Navicat MySQL Data Transfer

Source Server         : 127.0.0.1
Source Server Version : 50614
Source Host           : 127.0.0.1:3306
Source Database       : blog

Target Server Type    : MYSQL
Target Server Version : 50614
File Encoding         : 65001

Date: 2014-09-10 21:10:28
*/

SET FOREIGN_KEY_CHECKS=0;

-- ----------------------------
-- Table structure for `article_article`
-- ----------------------------
DROP TABLE IF EXISTS `article_article`;
CREATE TABLE `article_article` (
  `id` int(11) NOT NULL AUTO_INCREMENT,
  `title` varchar(100) NOT NULL,
  `post_time` datetime NOT NULL,
  `raw_content` varchar(9999) NOT NULL,
  `markdown_content` varchar(9999) NOT NULL,
  `last_edit_time` datetime NOT NULL,
  `last_view_time` datetime NOT NULL,
  PRIMARY KEY (`id`)
) ENGINE=InnoDB AUTO_INCREMENT=33 DEFAULT CHARSET=utf8;

-- ----------------------------
-- Records of article_article
-- ----------------------------
INSERT INTO `article_article` VALUES ('17', '第一篇博客，中秋快乐', '2014-09-08 16:21:50', '\n这是我的第一篇博客，也不知道从什么说起，就说说我搭建这个博客的过程吧。\n\n###历史背景\n\n其实之前就一直有写博客的想法，不过当时正好在学**[Node.js][1]**，苦于Node.js的服务器不太好找（主要是我比较懒），所以就一直搁置了，我自己还跟着网上的人学做了一个基于Node.js的简易版的blog。后来跟着[吴磊][2]大神的步伐，就自己试着做了一个blog出来，目前还很简陋，不过功能会一步步完善了，只要迈出了第一步，之后的就好说了。\n\n----------\n\n###博客搭建\n这次我学乖了，用了屌炸天的**[Django][3]**作为开发语言，我的实践证明这个语言还是很靠谱，很高效的，如果不是因为我卡在**[SAE][4]**上的环境搭建的话，我估计任何人上手之后一天时间就可以搭建一个简单的不能再简单的博客出来。\n截止现在，我只是做了最基本的功能，博客的显示和标签功能。虽然界面什么的是丑了点，不过起码东西是可以放上去，也能看了，日后应该是会不断的对界面和功能进行加强和改进的。\n\n----------\n\n###项目用到的技术\n  我是看到Django中的[这段文档][5]然后决定写一个博客网站的。主要就是说针对ManyToManyField的一个补充，虽然我现在说不上这个功能和普通的ManyToManyField有什么本质的区别，或者说这样使用对于我的模型搭建究竟有没有益处尚未可知，甚至有可能是多此一举，不过这也算是一次尝试。\n不过经过我的阅读我还是发现了一些优点的，比如：\n\n```\n>>> # Beatles have broken up\n>>> beatles.members.clear()\n>>> # Note that this deletes the intermediate model instances\n>>> Membership.objects.all()\n[]\n```\n像这样就可以很方便的解除模型之间的关联。\n\n 此外，我还用到了[Manager] [6]，用来强化创建的model模型，为其提供一些自带的方法，相当于Java中的创建对象，调用对象函数这样，感觉如果照这个思路写起来，代码的复用率会比较高，保持DRY很重要。 \n具体思路如下：\n```\n# 标签控制类\nclass LabelManager(models.Manager):\n	def render_labels(self):\n		labels = self.filter(number_is_used__gt=0).order_by(\'-number_is_used\').aggregate(Avg(\'number_is_used\'))[\'number_is_used__avg\'][:10]\n		return labels\n\n# 标签\nclass Label(models.Model):\n	name = models.CharField(max_length=25)\n	number_is_used = models.IntegerField()\n	objects = LabelManager()\n	def __unicode__(self):\n		return self.name\n```\n用一个Manager类来专门控制其对应model的动作，相当于原始model做结构控制，Manager做动作控制，这样理解的话，写起代码来也挺顺手。\n\n----------\n\n###总结\n突然发现用[markdown][7]写博客好累啊。。写了我好久\n总之这也算是我的一个新的开始了，接下来还有很多工作需要做，需要去完善，中秋快乐~\n\n  [1]: http://nodejs.org/\n  [2]: http://fredsneverland.com/\n  [3]: https://www.djangoproject.com/\n  [4]: http://sae.sina.com.cn/\n  [5]: https://docs.djangoproject.com/en/1.7/topics/db/models/#extra-fields-on-many-to-many-relationships\n  [6]: https://docs.djangoproject.com/en/1.7/topics/db/managers/#custom-managers\n  [7]: http://en.wikipedia.org/wiki/Markdown\n\n', '<p>这是我的第一篇博客，也不知道从什么说起，就说说我搭建这个博客的过程吧。</p>\n\n\n\n<h3 id=\"历史背景\">历史背景</h3>\n\n<p>其实之前就一直有写博客的想法，不过当时正好在学<strong><a href=\"http://nodejs.org/\">Node.js</a></strong>，苦于Node.js的服务器不太好找（主要是我比较懒），所以就一直搁置了，我自己还跟着网上的人学做了一个基于Node.js的简易版的blog。后来跟着<a href=\"http://fredsneverland.com/\">吴磊</a>大神的步伐，就自己试着做了一个blog出来，目前还很简陋，不过功能会一步步完善了，只要迈出了第一步，之后的就好说了。</p>\n\n<hr>\n\n\n\n<h3 id=\"博客搭建\">博客搭建</h3>\n\n<p>这次我学乖了，用了屌炸天的<strong><a href=\"https://www.djangoproject.com/\">Django</a></strong>作为开发语言，我的实践证明这个语言还是很靠谱，很高效的，如果不是因为我卡在<strong><a href=\"http://sae.sina.com.cn/\">SAE</a></strong>上的环境搭建的话，我估计任何人上手之后一天时间就可以搭建一个简单的不能再简单的博客出来。 <br>\n截止现在，我只是做了最基本的功能，博客的显示和标签功能。虽然界面什么的是丑了点，不过起码东西是可以放上去，也能看了，日后应该是会不断的对界面和功能进行加强和改进的。</p>\n\n<hr>\n\n\n\n<h3 id=\"项目用到的技术\">项目用到的技术</h3>\n\n<p>我是看到Django中的<a href=\"https://docs.djangoproject.com/en/1.7/topics/db/models/#extra-fields-on-many-to-many-relationships\">这段文档</a>然后决定写一个博客网站的。主要就是说针对ManyToManyField的一个补充，虽然我现在说不上这个功能和普通的ManyToManyField有什么本质的区别，或者说这样使用对于我的模型搭建究竟有没有益处尚未可知，甚至有可能是多此一举，不过这也算是一次尝试。 <br>\n不过经过我的阅读我还是发现了一些优点的，比如：</p>\n\n\n\n<pre class=\"prettyprint\"><code class=\" hljs python\"><span class=\"hljs-prompt\">&gt;&gt;&gt; </span><span class=\"hljs-comment\"># Beatles have broken up</span>\n<span class=\"hljs-prompt\">&gt;&gt;&gt; </span>beatles.members.clear()\n<span class=\"hljs-prompt\">&gt;&gt;&gt; </span><span class=\"hljs-comment\"># Note that this deletes the intermediate model instances</span>\n<span class=\"hljs-prompt\">&gt;&gt;&gt; </span>Membership.objects.all()\n[]</code></pre>\n\n<p>像这样就可以很方便的解除模型之间的关联。</p>\n\n<p>此外，我还用到了<a href=\"https://docs.djangoproject.com/en/1.7/topics/db/managers/#custom-managers\">Manager</a>，用来强化创建的model模型，为其提供一些自带的方法，相当于Java中的创建对象，调用对象函数这样，感觉如果照这个思路写起来，代码的复用率会比较高，保持DRY很重要。  <br>\n具体思路如下：</p>\n\n\n\n<pre class=\"prettyprint\"><code class=\" hljs python\"><span class=\"hljs-comment\"># 标签控制类</span>\n<span class=\"hljs-class\"><span class=\"hljs-keyword\">class</span> <span class=\"hljs-title\">LabelManager</span><span class=\"hljs-params\">(models.Manager)</span>:</span>\n    <span class=\"hljs-function\"><span class=\"hljs-keyword\">def</span> <span class=\"hljs-title\">render_labels</span><span class=\"hljs-params\">(self)</span>:</span>\n        labels = self.filter(number_is_used__gt=<span class=\"hljs-number\">0</span>).order_by(<span class=\"hljs-string\">\'-number_is_used\'</span>).aggregate(Avg(<span class=\"hljs-string\">\'number_is_used\'</span>))[<span class=\"hljs-string\">\'number_is_used__avg\'</span>][:<span class=\"hljs-number\">10</span>]\n        <span class=\"hljs-keyword\">return</span> labels\n\n<span class=\"hljs-comment\"># 标签</span>\n<span class=\"hljs-class\"><span class=\"hljs-keyword\">class</span> <span class=\"hljs-title\">Label</span><span class=\"hljs-params\">(models.Model)</span>:</span>\n    name = models.CharField(max_length=<span class=\"hljs-number\">25</span>)\n    number_is_used = models.IntegerField()\n    objects = LabelManager()\n    <span class=\"hljs-function\"><span class=\"hljs-keyword\">def</span> <span class=\"hljs-title\">__unicode__</span><span class=\"hljs-params\">(self)</span>:</span>\n        <span class=\"hljs-keyword\">return</span> self.name</code></pre>\n\n<p>用一个Manager类来专门控制其对应model的动作，相当于原始model做结构控制，Manager做动作控制，这样理解的话，写起代码来也挺顺手。</p>\n\n<hr>\n\n\n\n<h3 id=\"总结\">总结</h3>\n\n<p>突然发现用<a href=\"http://en.wikipedia.org/wiki/Markdown\">markdown</a>写博客好累啊。。写了我好久 <br>\n总之这也算是我的一个新的开始了，接下来还有很多工作需要做，需要去完善，中秋快乐~</p>', '2014-09-09 16:00:00', '2014-09-09 16:00:00');
INSERT INTO `article_article` VALUES ('18', '哈哈哈', '2014-09-09 06:27:04', '哈哈哈哈哈哈哈哈哈哈哈哈哈哈哈哈哈哈哈哈哈哈哈哈哈哈哈哈哈哈哈哈哈哈哈哈哈哈哈哈哈哈哈哈哈哈哈哈哈哈哈哈哈哈哈哈哈哈哈哈哈哈哈哈哈哈哈哈哈哈哈哈哈哈哈哈哈哈哈哈哈哈哈哈哈哈哈哈哈哈哈哈哈哈哈哈哈哈哈哈哈哈哈哈哈哈哈哈哈哈哈哈哈哈哈哈哈哈哈哈哈哈哈哈哈哈哈哈哈哈哈哈哈哈哈哈哈哈哈哈哈哈哈哈哈哈哈哈哈哈哈哈哈哈哈哈哈哈哈哈哈哈哈哈哈哈哈哈哈哈哈哈哈哈哈哈哈哈哈哈哈哈哈哈哈哈哈哈哈哈哈哈哈哈哈哈哈哈哈哈哈哈哈哈哈哈哈哈哈哈哈哈哈哈哈哈哈哈哈哈哈哈哈哈哈哈哈哈哈哈哈哈哈哈哈哈哈哈哈哈哈哈哈哈哈哈哈哈哈哈哈哈哈哈哈哈哈哈哈哈哈哈哈哈哈哈哈哈哈哈哈哈哈哈哈哈哈哈哈哈哈哈哈哈哈哈哈哈哈哈哈哈哈哈哈哈哈哈哈哈哈哈哈哈哈哈哈哈哈哈哈哈哈哈哈哈哈哈哈哈哈哈哈哈哈哈哈哈哈哈哈哈哈哈哈哈哈哈哈哈哈哈哈哈哈哈哈哈哈哈哈哈哈哈哈哈哈哈哈哈哈哈哈哈哈哈哈哈哈哈哈哈哈哈哈哈哈哈哈哈哈哈哈哈哈哈哈哈哈哈哈哈哈哈哈哈哈哈哈哈哈哈哈哈哈哈哈哈哈哈哈哈哈哈哈哈哈哈哈哈哈哈哈哈哈哈哈哈哈哈哈哈哈哈哈哈哈哈哈哈哈哈哈哈哈哈哈哈哈哈哈哈哈哈哈哈哈哈哈哈哈哈哈哈哈哈哈哈哈哈哈哈哈哈哈哈哈哈哈哈哈哈哈哈哈哈哈哈哈哈哈哈哈哈哈哈哈哈哈哈哈哈哈哈哈哈哈哈哈哈哈哈哈哈哈哈哈哈哈哈哈哈哈哈哈哈哈哈哈哈哈哈哈哈哈哈哈哈哈哈哈哈哈哈哈哈哈哈哈哈哈哈哈哈哈哈哈哈哈哈哈哈哈哈哈哈哈哈哈哈哈哈哈哈哈哈哈哈哈哈哈哈哈哈哈哈哈哈哈哈哈哈哈哈哈哈哈哈哈哈哈哈哈哈哈哈哈哈哈哈哈哈哈哈哈哈哈哈哈哈哈哈哈哈哈哈哈哈哈哈哈哈哈哈哈哈哈哈哈哈哈哈哈哈哈哈哈哈哈哈哈哈哈哈哈哈哈哈哈哈哈哈哈哈哈哈哈哈哈哈哈哈哈哈哈哈哈哈哈哈哈哈哈哈哈哈哈哈哈哈哈哈哈哈哈哈哈哈哈哈哈哈哈哈哈哈哈哈哈哈哈哈哈哈哈哈哈哈哈哈哈哈哈哈哈哈哈哈哈哈哈哈哈哈哈哈哈哈哈哈哈哈哈哈哈哈哈哈哈哈哈哈哈哈哈哈哈哈哈哈哈哈哈哈哈哈哈哈哈哈哈哈哈哈哈哈哈哈哈哈哈哈哈哈哈哈哈哈哈哈哈哈哈哈哈哈哈哈哈哈哈哈哈哈哈哈哈哈哈哈哈哈哈哈哈哈哈哈哈哈哈哈哈哈哈哈哈哈哈哈哈哈哈哈哈哈哈哈哈哈哈哈哈哈哈哈哈哈哈哈哈哈哈哈哈哈哈哈哈哈哈哈哈哈哈哈哈哈哈哈哈哈哈哈哈哈哈哈哈哈', '哈哈哈哈哈哈哈哈哈哈哈哈哈哈哈哈哈哈哈哈哈哈哈哈哈哈哈哈哈哈哈哈哈哈哈哈哈哈哈哈哈哈哈哈哈哈哈哈哈哈哈哈哈哈哈哈哈哈哈哈哈哈哈哈哈哈哈哈哈哈哈哈哈哈哈哈哈哈哈哈哈哈哈哈哈哈哈哈哈哈哈哈哈哈哈哈哈哈哈哈哈哈哈哈哈哈哈哈哈哈哈哈哈哈哈哈哈哈哈哈哈哈哈哈哈哈哈哈哈哈哈哈哈哈哈哈哈哈哈哈哈哈哈哈哈哈哈哈哈哈哈哈哈哈哈哈哈哈哈哈哈哈哈哈哈哈哈哈哈哈哈哈哈哈哈哈哈哈哈哈哈哈哈哈哈哈哈哈哈哈哈哈哈哈哈哈哈哈哈哈哈哈哈哈哈哈哈哈哈哈哈哈哈哈哈哈哈哈哈哈哈哈哈哈哈哈哈哈哈哈哈哈哈哈哈哈哈哈哈哈哈哈哈哈哈哈哈哈哈哈哈哈哈哈哈哈哈哈哈哈哈哈哈哈哈哈哈哈哈哈哈哈哈哈哈哈哈哈哈哈哈哈哈哈哈哈哈哈哈哈哈哈哈哈哈哈哈哈哈哈哈哈哈哈哈哈哈哈哈哈哈哈哈哈哈哈哈哈哈哈哈哈哈哈哈哈哈哈哈哈哈哈哈哈哈哈哈哈哈哈哈哈哈哈哈哈哈哈哈哈哈哈哈哈哈哈哈哈哈哈哈哈哈哈哈哈哈哈哈哈哈哈哈哈哈哈哈哈哈哈哈哈哈哈哈哈哈哈哈哈哈哈哈哈哈哈哈哈哈哈哈哈哈哈哈哈哈哈哈哈哈哈哈哈哈哈哈哈哈哈哈哈哈哈哈哈哈哈哈哈哈哈哈哈哈哈哈哈哈哈哈哈哈哈哈哈哈哈哈哈哈哈哈哈哈哈哈哈哈哈哈哈哈哈哈哈哈哈哈哈哈哈哈哈哈哈哈哈哈哈哈哈哈哈哈哈哈哈哈哈哈哈哈哈哈哈哈哈哈哈哈哈哈哈哈哈哈哈哈哈哈哈哈哈哈哈哈哈哈哈哈哈哈哈哈哈哈哈哈哈哈哈哈哈哈哈哈哈哈哈哈哈哈哈哈哈哈哈哈哈哈哈哈哈哈哈哈哈哈哈哈哈哈哈哈哈哈哈哈哈哈哈哈哈哈哈哈哈哈哈哈哈哈哈哈哈哈哈哈哈哈哈哈哈哈哈哈哈哈哈哈哈哈哈哈哈哈哈哈哈哈哈哈哈哈哈哈哈哈哈哈哈哈哈哈哈哈哈哈哈哈哈哈哈哈哈哈哈哈哈哈哈哈哈哈哈哈哈哈哈哈哈哈哈哈哈哈哈哈哈哈哈哈哈哈哈哈哈哈哈哈哈哈哈哈哈哈哈哈哈哈哈哈哈哈哈哈哈哈哈哈哈哈哈哈哈哈哈哈哈哈哈哈哈哈哈哈哈哈哈哈哈哈哈哈哈哈哈哈哈哈哈哈哈哈哈哈哈哈哈哈哈哈哈哈哈哈哈哈哈哈哈哈哈哈哈哈哈哈哈哈哈哈哈哈哈哈哈哈哈哈哈哈哈哈哈哈哈哈哈哈哈哈哈哈哈哈哈哈哈哈哈哈哈哈哈哈哈哈哈哈哈哈哈哈哈哈哈哈哈哈哈哈哈哈哈哈哈哈哈哈哈哈哈哈哈哈哈哈哈哈哈哈哈哈哈哈哈哈哈哈哈哈哈哈哈哈哈哈哈哈哈哈哈哈哈哈哈哈哈哈哈哈哈哈哈哈哈哈哈哈哈哈哈哈哈哈哈哈哈哈哈哈哈哈哈哈哈哈哈', '2014-09-09 16:00:00', '2014-09-09 16:00:00');
INSERT INTO `article_article` VALUES ('19', '哈哈哈', '2014-09-09 06:27:42', '哈哈哈哈哈哈哈哈哈哈哈哈哈哈哈哈哈哈哈哈哈哈哈哈哈哈哈哈哈哈哈哈哈哈哈哈哈哈哈哈哈哈哈哈哈哈哈哈哈哈哈哈哈哈哈哈哈哈哈哈哈哈哈哈哈哈哈哈哈哈哈哈哈哈哈哈哈哈哈哈哈哈哈哈哈哈哈哈哈哈哈哈哈哈哈哈哈哈哈哈哈哈哈哈哈哈哈哈哈哈哈哈哈哈哈哈哈哈哈哈哈哈哈哈哈哈哈哈哈哈哈哈哈哈哈哈哈哈哈哈哈哈哈哈哈哈哈哈哈哈哈哈哈哈哈哈哈哈哈哈哈哈哈哈哈哈哈哈哈哈哈哈哈哈哈哈哈哈哈哈哈哈哈哈哈哈哈哈哈哈哈哈哈哈哈哈哈哈哈哈哈哈哈哈哈哈哈哈哈哈哈哈哈哈哈哈哈哈哈哈哈哈哈哈哈哈哈哈哈哈哈哈哈哈哈哈哈哈哈哈哈哈哈哈哈哈哈哈哈哈哈哈哈哈哈哈哈哈哈哈哈哈哈哈哈哈哈哈哈哈哈哈哈哈哈哈哈哈哈哈哈哈哈哈哈哈哈哈哈哈哈哈哈哈哈哈哈哈哈哈哈哈哈哈哈哈哈哈哈哈哈哈哈哈哈哈哈哈哈哈哈哈哈哈哈哈哈哈哈哈哈哈哈哈哈哈哈哈哈哈哈哈哈哈哈哈哈哈哈哈哈哈哈哈哈哈哈哈哈哈哈哈哈哈哈哈哈哈哈哈哈哈哈哈哈哈哈哈哈哈哈哈哈哈哈哈哈哈哈哈哈哈哈哈哈哈哈哈哈哈哈哈哈哈哈哈哈哈哈哈哈哈哈哈哈哈哈哈哈哈哈哈哈哈哈哈哈哈哈哈哈哈哈哈哈哈哈哈哈哈哈哈哈哈哈哈哈哈哈哈哈哈哈哈哈哈哈哈哈哈哈哈哈哈哈哈哈哈哈哈哈哈哈哈哈哈哈哈哈哈哈哈哈哈哈哈哈哈哈哈哈哈哈哈哈哈哈哈哈哈哈哈哈哈哈哈哈哈哈哈哈哈哈哈哈哈哈哈哈哈哈哈哈哈哈哈哈哈哈哈哈哈哈哈哈哈哈哈哈哈哈哈哈哈哈哈哈哈哈哈哈哈哈哈哈哈哈哈哈哈哈哈哈哈哈哈哈哈哈哈哈哈哈哈哈哈哈哈哈哈哈哈哈哈哈哈哈哈哈哈哈哈哈哈哈哈哈哈哈哈哈哈哈哈哈哈哈哈哈哈哈哈哈哈哈哈哈哈哈哈哈哈哈哈哈哈哈哈哈哈哈哈哈哈哈哈哈哈哈哈哈哈哈哈哈哈哈哈哈哈哈哈哈哈哈哈哈哈哈哈哈哈哈哈哈哈哈哈哈哈哈哈哈哈哈哈哈哈哈哈哈哈哈哈哈哈哈哈哈哈哈哈哈哈哈哈哈哈哈哈哈哈哈哈哈哈哈哈哈哈哈哈哈哈哈哈哈哈哈哈哈哈哈哈哈哈哈哈哈哈哈哈哈哈哈哈哈哈哈哈哈哈哈哈哈哈哈哈哈哈哈哈哈哈哈哈哈哈哈哈哈哈哈哈哈哈哈哈哈哈哈哈哈哈哈哈哈哈哈哈哈哈哈哈哈哈哈哈哈哈哈哈哈哈哈哈哈哈哈哈哈哈哈哈哈哈哈哈哈哈哈哈哈哈哈哈哈哈哈哈哈哈哈哈哈哈哈哈哈哈哈哈哈哈哈哈哈哈哈哈哈哈哈哈哈哈哈哈哈哈哈哈哈哈哈哈哈哈哈哈哈哈哈哈哈哈哈哈哈哈哈哈哈哈哈哈哈哈哈哈', '哈哈哈哈哈哈哈哈哈哈哈哈哈哈哈哈哈哈哈哈哈哈哈哈哈哈哈哈哈哈哈哈哈哈哈哈哈哈哈哈哈哈哈哈哈哈哈哈哈哈哈哈哈哈哈哈哈哈哈哈哈哈哈哈哈哈哈哈哈哈哈哈哈哈哈哈哈哈哈哈哈哈哈哈哈哈哈哈哈哈哈哈哈哈哈哈哈哈哈哈哈哈哈哈哈哈哈哈哈哈哈哈哈哈哈哈哈哈哈哈哈哈哈哈哈哈哈哈哈哈哈哈哈哈哈哈哈哈哈哈哈哈哈哈哈哈哈哈哈哈哈哈哈哈哈哈哈哈哈哈哈哈哈哈哈哈哈哈哈哈哈哈哈哈哈哈哈哈哈哈哈哈哈哈哈哈哈哈哈哈哈哈哈哈哈哈哈哈哈哈哈哈哈哈哈哈哈哈哈哈哈哈哈哈哈哈哈哈哈哈哈哈哈哈哈哈哈哈哈哈哈哈哈哈哈哈哈哈哈哈哈哈哈哈哈哈哈哈哈哈哈哈哈哈哈哈哈哈哈哈哈哈哈哈哈哈哈哈哈哈哈哈哈哈哈哈哈哈哈哈哈哈哈哈哈哈哈哈哈哈哈哈哈哈哈哈哈哈哈哈哈哈哈哈哈哈哈哈哈哈哈哈哈哈哈哈哈哈哈哈哈哈哈哈哈哈哈哈哈哈哈哈哈哈哈哈哈哈哈哈哈哈哈哈哈哈哈哈哈哈哈哈哈哈哈哈哈哈哈哈哈哈哈哈哈哈哈哈哈哈哈哈哈哈哈哈哈哈哈哈哈哈哈哈哈哈哈哈哈哈哈哈哈哈哈哈哈哈哈哈哈哈哈哈哈哈哈哈哈哈哈哈哈哈哈哈哈哈哈哈哈哈哈哈哈哈哈哈哈哈哈哈哈哈哈哈哈哈哈哈哈哈哈哈哈哈哈哈哈哈哈哈哈哈哈哈哈哈哈哈哈哈哈哈哈哈哈哈哈哈哈哈哈哈哈哈哈哈哈哈哈哈哈哈哈哈哈哈哈哈哈哈哈哈哈哈哈哈哈哈哈哈哈哈哈哈哈哈哈哈哈哈哈哈哈哈哈哈哈哈哈哈哈哈哈哈哈哈哈哈哈哈哈哈哈哈哈哈哈哈哈哈哈哈哈哈哈哈哈哈哈哈哈哈哈哈哈哈哈哈哈哈哈哈哈哈哈哈哈哈哈哈哈哈哈哈哈哈哈哈哈哈哈哈哈哈哈哈哈哈哈哈哈哈哈哈哈哈哈哈哈哈哈哈哈哈哈哈哈哈哈哈哈哈哈哈哈哈哈哈哈哈哈哈哈哈哈哈哈哈哈哈哈哈哈哈哈哈哈哈哈哈哈哈哈哈哈哈哈哈哈哈哈哈哈哈哈哈哈哈哈哈哈哈哈哈哈哈哈哈哈哈哈哈哈哈哈哈哈哈哈哈哈哈哈哈哈哈哈哈哈哈哈哈哈哈哈哈哈哈哈哈哈哈哈哈哈哈哈哈哈哈哈哈哈哈哈哈哈哈哈哈哈哈哈哈哈哈哈哈哈哈哈哈哈哈哈哈哈哈哈哈哈哈哈哈哈哈哈哈哈哈哈哈哈哈哈哈哈哈哈哈哈哈哈哈哈哈哈哈哈哈哈哈哈哈哈哈哈哈哈哈哈哈哈哈哈哈哈哈哈哈哈哈哈哈哈哈哈哈哈哈哈哈哈哈哈哈哈哈哈哈哈哈哈哈哈哈哈哈哈哈哈哈哈哈哈哈哈哈哈哈哈哈哈哈哈哈哈哈哈哈哈哈哈哈哈哈哈哈哈哈哈哈哈哈哈哈哈哈哈哈哈哈哈哈哈哈哈哈哈哈哈哈哈哈哈哈哈哈', '2014-09-09 16:00:00', '2014-09-09 16:00:00');
INSERT INTO `article_article` VALUES ('20', '哈哈哈哈哈', '2014-09-09 06:27:56', '哈哈哈哈哈哈哈哈哈哈哈哈哈哈哈哈哈哈哈哈哈哈哈哈哈哈哈哈哈哈哈哈哈哈哈哈哈哈哈哈哈哈哈哈哈哈哈哈哈哈哈哈哈哈哈哈哈哈哈哈哈哈哈哈哈哈哈哈哈哈哈哈哈哈哈哈哈哈哈哈哈哈哈哈哈哈哈哈哈哈哈哈哈哈哈哈哈哈哈哈哈哈哈哈哈哈哈哈哈哈哈哈哈哈哈哈哈哈哈哈哈哈哈哈哈哈哈哈哈哈哈哈哈哈哈哈哈哈哈哈哈哈哈哈哈哈哈哈哈哈哈哈哈哈哈哈哈哈哈哈哈哈哈哈哈哈哈哈哈哈哈哈哈哈哈哈哈哈哈哈哈哈哈哈哈哈哈哈哈哈哈哈哈哈哈哈哈哈哈哈哈哈哈哈哈哈哈哈哈哈哈哈哈哈哈哈哈哈哈哈哈哈哈哈哈哈哈哈哈哈哈哈哈哈哈哈哈哈哈哈哈哈哈哈哈哈哈哈哈哈哈哈哈哈哈哈哈哈哈哈哈哈哈哈哈哈哈哈哈哈哈哈哈哈哈哈哈哈哈哈哈哈哈哈哈哈哈哈哈哈哈哈哈哈哈哈哈哈哈哈哈哈哈哈哈哈哈哈哈哈哈哈哈哈哈哈哈哈哈哈哈哈哈哈哈哈哈哈哈哈哈哈哈哈哈哈哈哈哈哈哈哈哈哈哈哈哈哈哈哈哈哈哈哈哈哈哈哈哈哈哈哈哈哈哈哈哈哈哈哈哈哈哈哈哈哈哈哈哈哈哈哈哈哈哈哈哈哈哈哈哈哈哈哈哈哈哈哈哈哈哈哈哈哈哈哈哈哈哈哈哈哈哈哈哈哈哈哈哈哈哈哈哈哈哈哈哈哈哈哈哈哈哈哈哈哈哈哈哈哈哈哈哈哈哈哈哈哈哈哈哈哈哈哈哈哈哈哈哈哈哈哈哈哈哈哈哈哈哈哈哈哈哈哈哈哈哈哈哈哈哈哈哈哈哈哈哈哈哈哈哈哈哈哈哈哈哈哈哈哈哈哈哈哈哈哈哈哈哈哈哈哈哈哈哈哈哈哈哈哈哈哈哈哈哈哈哈哈哈哈哈哈哈哈哈哈哈哈哈哈哈哈哈哈哈哈哈哈哈哈哈哈哈哈哈哈哈哈哈哈哈哈哈哈哈哈哈哈哈哈哈哈哈哈哈哈哈哈哈哈哈哈哈哈哈哈哈哈哈哈哈哈哈哈哈哈哈哈哈哈哈哈哈哈哈哈哈哈哈哈哈哈哈哈哈哈哈哈哈哈哈哈哈哈哈哈哈哈哈哈哈哈哈哈哈哈哈哈哈哈哈哈哈哈哈哈哈哈哈哈哈哈哈哈哈哈哈哈哈哈哈哈哈哈哈哈哈哈哈哈哈哈哈哈哈哈哈哈哈哈哈哈哈哈哈哈哈哈哈哈哈哈哈哈哈哈哈哈哈哈哈哈哈哈哈哈哈哈哈哈哈哈哈哈哈哈哈哈哈哈哈哈哈哈哈哈哈哈哈哈哈哈哈哈哈哈哈哈哈哈哈哈哈哈哈哈哈哈哈哈哈哈哈哈哈哈哈哈哈哈哈哈哈哈哈哈哈哈哈哈哈哈哈哈哈哈哈哈哈哈哈哈哈哈哈哈哈哈哈哈哈哈哈哈哈哈哈哈哈哈哈哈哈哈哈哈哈哈哈哈哈哈哈哈哈哈哈哈哈哈哈哈哈哈哈哈哈哈哈哈哈哈哈哈哈哈哈哈哈哈哈哈哈哈哈哈哈哈哈哈哈哈哈哈哈哈哈哈哈哈哈哈哈哈哈哈哈哈哈哈哈哈哈哈哈哈哈哈哈哈', '哈哈哈哈哈哈哈哈哈哈哈哈哈哈哈哈哈哈哈哈哈哈哈哈哈哈哈哈哈哈哈哈哈哈哈哈哈哈哈哈哈哈哈哈哈哈哈哈哈哈哈哈哈哈哈哈哈哈哈哈哈哈哈哈哈哈哈哈哈哈哈哈哈哈哈哈哈哈哈哈哈哈哈哈哈哈哈哈哈哈哈哈哈哈哈哈哈哈哈哈哈哈哈哈哈哈哈哈哈哈哈哈哈哈哈哈哈哈哈哈哈哈哈哈哈哈哈哈哈哈哈哈哈哈哈哈哈哈哈哈哈哈哈哈哈哈哈哈哈哈哈哈哈哈哈哈哈哈哈哈哈哈哈哈哈哈哈哈哈哈哈哈哈哈哈哈哈哈哈哈哈哈哈哈哈哈哈哈哈哈哈哈哈哈哈哈哈哈哈哈哈哈哈哈哈哈哈哈哈哈哈哈哈哈哈哈哈哈哈哈哈哈哈哈哈哈哈哈哈哈哈哈哈哈哈哈哈哈哈哈哈哈哈哈哈哈哈哈哈哈哈哈哈哈哈哈哈哈哈哈哈哈哈哈哈哈哈哈哈哈哈哈哈哈哈哈哈哈哈哈哈哈哈哈哈哈哈哈哈哈哈哈哈哈哈哈哈哈哈哈哈哈哈哈哈哈哈哈哈哈哈哈哈哈哈哈哈哈哈哈哈哈哈哈哈哈哈哈哈哈哈哈哈哈哈哈哈哈哈哈哈哈哈哈哈哈哈哈哈哈哈哈哈哈哈哈哈哈哈哈哈哈哈哈哈哈哈哈哈哈哈哈哈哈哈哈哈哈哈哈哈哈哈哈哈哈哈哈哈哈哈哈哈哈哈哈哈哈哈哈哈哈哈哈哈哈哈哈哈哈哈哈哈哈哈哈哈哈哈哈哈哈哈哈哈哈哈哈哈哈哈哈哈哈哈哈哈哈哈哈哈哈哈哈哈哈哈哈哈哈哈哈哈哈哈哈哈哈哈哈哈哈哈哈哈哈哈哈哈哈哈哈哈哈哈哈哈哈哈哈哈哈哈哈哈哈哈哈哈哈哈哈哈哈哈哈哈哈哈哈哈哈哈哈哈哈哈哈哈哈哈哈哈哈哈哈哈哈哈哈哈哈哈哈哈哈哈哈哈哈哈哈哈哈哈哈哈哈哈哈哈哈哈哈哈哈哈哈哈哈哈哈哈哈哈哈哈哈哈哈哈哈哈哈哈哈哈哈哈哈哈哈哈哈哈哈哈哈哈哈哈哈哈哈哈哈哈哈哈哈哈哈哈哈哈哈哈哈哈哈哈哈哈哈哈哈哈哈哈哈哈哈哈哈哈哈哈哈哈哈哈哈哈哈哈哈哈哈哈哈哈哈哈哈哈哈哈哈哈哈哈哈哈哈哈哈哈哈哈哈哈哈哈哈哈哈哈哈哈哈哈哈哈哈哈哈哈哈哈哈哈哈哈哈哈哈哈哈哈哈哈哈哈哈哈哈哈哈哈哈哈哈哈哈哈哈哈哈哈哈哈哈哈哈哈哈哈哈哈哈哈哈哈哈哈哈哈哈哈哈哈哈哈哈哈哈哈哈哈哈哈哈哈哈哈哈哈哈哈哈哈哈哈哈哈哈哈哈哈哈哈哈哈哈哈哈哈哈哈哈哈哈哈哈哈哈哈哈哈哈哈哈哈哈哈哈哈哈哈哈哈哈哈哈哈哈哈哈哈哈哈哈哈哈哈哈哈哈哈哈哈哈哈哈哈哈哈哈哈哈哈哈哈哈哈哈哈哈哈哈哈哈哈哈哈哈哈哈哈哈哈哈哈哈哈哈哈哈哈哈哈哈哈哈哈哈哈哈哈哈哈哈哈哈哈哈哈哈哈哈哈哈哈哈哈哈哈哈哈哈哈哈哈哈哈哈哈哈哈哈', '2014-09-09 16:00:00', '2014-09-09 16:00:00');
INSERT INTO `article_article` VALUES ('21', '哈哈哈哈哈哈哈', '2014-09-09 06:28:28', '哈哈哈哈哈哈哈哈哈哈哈哈哈哈哈哈哈哈哈哈哈哈哈哈哈哈哈哈哈哈哈哈哈哈哈哈哈哈哈哈哈哈哈哈哈哈哈哈哈哈哈哈哈哈哈哈哈哈哈哈哈哈哈哈哈哈哈哈哈哈哈哈哈哈哈哈哈哈哈哈哈哈哈哈哈哈哈哈哈哈哈哈哈哈哈哈哈哈哈哈哈哈哈哈哈哈哈哈哈哈哈哈哈哈哈哈哈哈哈哈哈哈哈哈哈哈哈哈哈哈哈哈哈哈哈哈哈哈哈哈哈哈哈哈哈哈哈哈哈哈哈哈哈哈哈哈哈哈哈哈哈哈哈哈哈哈哈哈哈哈哈哈哈哈哈哈哈哈哈哈哈哈哈哈哈哈哈哈哈哈哈哈哈哈哈哈哈哈哈哈哈哈哈哈哈哈哈哈哈哈哈哈哈哈哈哈哈哈哈哈哈哈哈哈哈哈哈哈哈哈哈哈哈哈哈哈哈哈哈哈哈哈哈哈哈哈哈哈哈哈哈哈哈哈哈哈哈哈哈哈哈哈哈哈哈哈哈哈哈哈哈哈哈哈哈哈哈哈哈哈哈哈哈哈哈哈哈哈哈哈哈哈哈哈哈哈哈哈哈哈哈哈哈哈哈哈哈哈哈哈哈哈哈哈哈哈哈哈哈哈哈哈哈哈哈哈哈哈哈哈哈哈哈哈哈哈哈哈哈哈哈哈哈哈哈哈哈哈哈哈哈哈哈哈哈哈哈哈哈哈哈哈哈哈哈哈哈哈哈哈哈哈哈哈哈哈哈哈哈哈哈哈哈哈哈哈哈哈哈哈哈哈哈哈哈哈哈哈哈哈哈哈哈哈哈哈哈哈哈哈哈哈哈哈哈哈哈哈哈哈哈哈哈哈哈哈哈哈哈哈哈哈哈哈哈哈哈哈哈哈哈哈哈哈哈哈哈哈哈哈哈哈哈哈哈哈哈哈哈哈哈哈哈哈哈哈哈哈哈哈哈哈哈哈哈哈哈哈哈哈哈哈哈哈哈哈哈哈哈哈哈哈哈哈哈哈哈哈哈哈哈哈哈哈哈哈哈哈哈哈哈哈哈哈哈哈哈哈哈哈哈哈哈哈哈哈哈哈哈哈哈哈哈哈哈哈哈哈哈哈哈哈哈哈哈哈哈哈哈哈哈哈哈哈哈哈哈哈哈哈哈哈哈哈哈哈哈哈哈哈哈哈哈哈哈哈哈哈哈哈哈哈哈哈哈哈哈哈哈哈哈哈哈哈哈哈哈哈哈哈哈哈哈哈哈哈哈哈哈哈哈哈哈哈哈哈哈哈哈哈哈哈哈哈哈哈哈哈哈哈哈哈哈哈哈哈哈哈哈哈哈哈哈哈哈哈哈哈哈哈哈哈哈哈哈哈哈哈哈哈哈哈哈哈哈哈哈哈哈哈哈哈哈哈哈哈哈哈哈哈哈哈哈哈哈哈哈哈哈哈哈哈哈哈哈哈哈哈哈哈哈哈哈哈哈哈哈哈哈哈哈哈哈哈哈哈哈哈哈哈哈哈哈哈哈哈哈哈哈哈哈哈哈哈哈哈哈哈哈哈哈哈哈哈哈哈哈哈哈哈哈哈哈哈哈哈哈哈哈哈哈哈哈哈哈哈哈哈哈哈哈哈哈哈哈哈哈哈哈哈哈哈哈哈哈哈哈哈哈哈哈哈哈哈哈哈哈哈哈哈哈哈哈哈哈哈哈哈哈哈哈哈哈哈哈哈哈哈哈哈哈哈哈哈哈哈哈哈哈哈哈哈哈哈哈哈哈哈哈哈哈哈哈哈哈哈哈哈哈哈哈哈哈哈哈哈哈哈哈哈哈哈哈哈哈哈哈哈哈哈哈哈哈哈哈哈哈哈哈哈', '哈哈哈哈哈哈哈哈哈哈哈哈哈哈哈哈哈哈哈哈哈哈哈哈哈哈哈哈哈哈哈哈哈哈哈哈哈哈哈哈哈哈哈哈哈哈哈哈哈哈哈哈哈哈哈哈哈哈哈哈哈哈哈哈哈哈哈哈哈哈哈哈哈哈哈哈哈哈哈哈哈哈哈哈哈哈哈哈哈哈哈哈哈哈哈哈哈哈哈哈哈哈哈哈哈哈哈哈哈哈哈哈哈哈哈哈哈哈哈哈哈哈哈哈哈哈哈哈哈哈哈哈哈哈哈哈哈哈哈哈哈哈哈哈哈哈哈哈哈哈哈哈哈哈哈哈哈哈哈哈哈哈哈哈哈哈哈哈哈哈哈哈哈哈哈哈哈哈哈哈哈哈哈哈哈哈哈哈哈哈哈哈哈哈哈哈哈哈哈哈哈哈哈哈哈哈哈哈哈哈哈哈哈哈哈哈哈哈哈哈哈哈哈哈哈哈哈哈哈哈哈哈哈哈哈哈哈哈哈哈哈哈哈哈哈哈哈哈哈哈哈哈哈哈哈哈哈哈哈哈哈哈哈哈哈哈哈哈哈哈哈哈哈哈哈哈哈哈哈哈哈哈哈哈哈哈哈哈哈哈哈哈哈哈哈哈哈哈哈哈哈哈哈哈哈哈哈哈哈哈哈哈哈哈哈哈哈哈哈哈哈哈哈哈哈哈哈哈哈哈哈哈哈哈哈哈哈哈哈哈哈哈哈哈哈哈哈哈哈哈哈哈哈哈哈哈哈哈哈哈哈哈哈哈哈哈哈哈哈哈哈哈哈哈哈哈哈哈哈哈哈哈哈哈哈哈哈哈哈哈哈哈哈哈哈哈哈哈哈哈哈哈哈哈哈哈哈哈哈哈哈哈哈哈哈哈哈哈哈哈哈哈哈哈哈哈哈哈哈哈哈哈哈哈哈哈哈哈哈哈哈哈哈哈哈哈哈哈哈哈哈哈哈哈哈哈哈哈哈哈哈哈哈哈哈哈哈哈哈哈哈哈哈哈哈哈哈哈哈哈哈哈哈哈哈哈哈哈哈哈哈哈哈哈哈哈哈哈哈哈哈哈哈哈哈哈哈哈哈哈哈哈哈哈哈哈哈哈哈哈哈哈哈哈哈哈哈哈哈哈哈哈哈哈哈哈哈哈哈哈哈哈哈哈哈哈哈哈哈哈哈哈哈哈哈哈哈哈哈哈哈哈哈哈哈哈哈哈哈哈哈哈哈哈哈哈哈哈哈哈哈哈哈哈哈哈哈哈哈哈哈哈哈哈哈哈哈哈哈哈哈哈哈哈哈哈哈哈哈哈哈哈哈哈哈哈哈哈哈哈哈哈哈哈哈哈哈哈哈哈哈哈哈哈哈哈哈哈哈哈哈哈哈哈哈哈哈哈哈哈哈哈哈哈哈哈哈哈哈哈哈哈哈哈哈哈哈哈哈哈哈哈哈哈哈哈哈哈哈哈哈哈哈哈哈哈哈哈哈哈哈哈哈哈哈哈哈哈哈哈哈哈哈哈哈哈哈哈哈哈哈哈哈哈哈哈哈哈哈哈哈哈哈哈哈哈哈哈哈哈哈哈哈哈哈哈哈哈哈哈哈哈哈哈哈哈哈哈哈哈哈哈哈哈哈哈哈哈哈哈哈哈哈哈哈哈哈哈哈哈哈哈哈哈哈哈哈哈哈哈哈哈哈哈哈哈哈哈哈哈哈哈哈哈哈哈哈哈哈哈哈哈哈哈哈哈哈哈哈哈哈哈哈哈哈哈哈哈哈哈哈哈哈哈哈哈哈哈哈哈哈哈哈哈哈哈哈哈哈哈哈哈哈哈哈哈哈哈哈哈哈哈哈哈哈哈哈哈哈哈哈哈哈哈哈哈哈哈哈哈哈哈哈哈哈哈哈哈哈哈', '2014-09-09 16:00:00', '2014-09-09 16:00:00');
INSERT INTO `article_article` VALUES ('22', '哈哈哈哈哈哈哈', '2014-09-09 06:28:56', '哈哈哈哈哈哈哈哈哈哈哈哈哈哈哈哈哈哈哈哈哈哈哈哈哈哈哈哈哈哈哈哈哈哈哈哈哈哈哈哈哈哈哈哈哈哈哈哈哈哈哈哈哈哈哈哈哈哈哈哈哈哈哈哈哈哈哈哈哈哈哈哈哈哈哈哈哈哈哈哈哈哈哈哈哈哈哈哈哈哈哈哈哈哈哈哈哈哈哈哈哈哈哈哈哈哈哈哈哈哈哈哈哈哈哈哈哈哈哈哈哈哈哈哈哈哈哈哈哈哈哈哈哈哈哈哈哈哈哈哈哈哈哈哈哈哈哈哈哈哈哈哈哈哈哈哈哈哈哈哈哈哈哈哈哈哈哈哈哈哈哈哈哈哈哈哈哈哈哈哈哈哈哈哈哈哈哈哈哈哈哈哈哈哈哈哈哈哈哈哈哈哈哈哈哈哈哈哈哈哈哈哈哈哈哈哈哈哈哈哈哈哈哈哈哈哈哈哈哈哈哈哈哈哈哈哈哈哈哈哈哈哈哈哈哈哈哈哈哈哈哈哈哈哈哈哈哈哈哈哈哈哈哈哈哈哈哈哈哈哈哈哈哈哈哈哈哈哈哈哈哈哈哈哈哈哈哈哈哈哈哈哈哈哈哈哈哈哈哈哈哈哈哈哈哈哈哈哈哈哈哈哈哈哈哈哈哈哈哈哈哈哈哈哈哈哈哈哈哈哈哈哈哈哈哈哈哈哈哈哈哈哈哈哈哈哈哈哈哈哈哈哈哈哈哈哈哈哈哈哈哈哈哈哈哈哈哈哈哈哈哈哈哈哈哈哈哈哈哈哈哈哈哈哈哈哈哈哈哈哈哈哈哈哈哈哈哈哈哈哈哈哈哈哈哈哈哈哈哈哈哈哈哈哈哈哈哈哈哈哈哈哈哈哈哈哈哈哈哈哈哈哈哈哈哈哈哈哈哈哈哈哈哈哈哈哈哈哈哈哈哈哈哈哈哈哈哈哈哈哈哈哈哈哈哈哈哈哈哈哈哈哈哈哈哈哈哈哈哈哈哈哈哈哈哈哈哈哈哈哈哈哈哈哈哈哈哈哈哈哈哈哈哈哈哈哈哈哈哈哈哈哈哈哈哈哈哈哈哈哈哈哈哈哈哈哈哈哈哈哈哈哈哈哈哈哈哈哈哈哈哈哈哈哈哈哈哈哈哈哈哈哈哈哈哈哈哈哈哈哈哈哈哈哈哈哈哈哈哈哈哈哈哈哈哈哈哈哈哈哈哈哈哈哈哈哈哈哈哈哈哈哈哈哈哈哈哈哈哈哈哈哈哈哈哈哈哈哈哈哈哈哈哈哈哈哈哈哈哈哈哈哈哈哈哈哈哈哈哈哈哈哈哈哈哈哈哈哈哈哈哈哈哈哈哈哈哈哈哈哈哈哈哈哈哈哈哈哈哈哈哈哈哈哈哈哈哈哈哈哈哈哈哈哈哈哈哈哈哈哈哈哈哈哈哈哈哈哈哈哈哈哈哈哈哈哈哈哈哈哈哈哈哈哈哈哈哈哈哈哈哈哈哈哈哈哈哈哈哈哈哈哈哈哈哈哈哈哈哈哈哈哈哈哈哈哈哈哈哈哈哈哈哈哈哈哈哈哈哈哈哈哈哈哈哈哈哈哈哈哈哈哈哈哈哈哈哈哈哈哈哈哈哈哈哈哈哈哈哈哈哈哈哈哈哈哈哈哈哈哈哈哈哈哈哈哈哈哈哈哈哈哈哈哈哈哈哈哈哈哈哈哈哈哈哈哈哈哈哈哈哈哈哈哈哈哈哈哈哈哈哈哈哈哈哈哈哈哈哈哈哈哈哈哈哈哈哈哈哈哈哈哈哈哈哈哈哈哈哈哈哈哈哈哈哈哈哈哈哈哈哈哈哈哈哈哈哈哈哈哈', '哈哈哈哈哈哈哈哈哈哈哈哈哈哈哈哈哈哈哈哈哈哈哈哈哈哈哈哈哈哈哈哈哈哈哈哈哈哈哈哈哈哈哈哈哈哈哈哈哈哈哈哈哈哈哈哈哈哈哈哈哈哈哈哈哈哈哈哈哈哈哈哈哈哈哈哈哈哈哈哈哈哈哈哈哈哈哈哈哈哈哈哈哈哈哈哈哈哈哈哈哈哈哈哈哈哈哈哈哈哈哈哈哈哈哈哈哈哈哈哈哈哈哈哈哈哈哈哈哈哈哈哈哈哈哈哈哈哈哈哈哈哈哈哈哈哈哈哈哈哈哈哈哈哈哈哈哈哈哈哈哈哈哈哈哈哈哈哈哈哈哈哈哈哈哈哈哈哈哈哈哈哈哈哈哈哈哈哈哈哈哈哈哈哈哈哈哈哈哈哈哈哈哈哈哈哈哈哈哈哈哈哈哈哈哈哈哈哈哈哈哈哈哈哈哈哈哈哈哈哈哈哈哈哈哈哈哈哈哈哈哈哈哈哈哈哈哈哈哈哈哈哈哈哈哈哈哈哈哈哈哈哈哈哈哈哈哈哈哈哈哈哈哈哈哈哈哈哈哈哈哈哈哈哈哈哈哈哈哈哈哈哈哈哈哈哈哈哈哈哈哈哈哈哈哈哈哈哈哈哈哈哈哈哈哈哈哈哈哈哈哈哈哈哈哈哈哈哈哈哈哈哈哈哈哈哈哈哈哈哈哈哈哈哈哈哈哈哈哈哈哈哈哈哈哈哈哈哈哈哈哈哈哈哈哈哈哈哈哈哈哈哈哈哈哈哈哈哈哈哈哈哈哈哈哈哈哈哈哈哈哈哈哈哈哈哈哈哈哈哈哈哈哈哈哈哈哈哈哈哈哈哈哈哈哈哈哈哈哈哈哈哈哈哈哈哈哈哈哈哈哈哈哈哈哈哈哈哈哈哈哈哈哈哈哈哈哈哈哈哈哈哈哈哈哈哈哈哈哈哈哈哈哈哈哈哈哈哈哈哈哈哈哈哈哈哈哈哈哈哈哈哈哈哈哈哈哈哈哈哈哈哈哈哈哈哈哈哈哈哈哈哈哈哈哈哈哈哈哈哈哈哈哈哈哈哈哈哈哈哈哈哈哈哈哈哈哈哈哈哈哈哈哈哈哈哈哈哈哈哈哈哈哈哈哈哈哈哈哈哈哈哈哈哈哈哈哈哈哈哈哈哈哈哈哈哈哈哈哈哈哈哈哈哈哈哈哈哈哈哈哈哈哈哈哈哈哈哈哈哈哈哈哈哈哈哈哈哈哈哈哈哈哈哈哈哈哈哈哈哈哈哈哈哈哈哈哈哈哈哈哈哈哈哈哈哈哈哈哈哈哈哈哈哈哈哈哈哈哈哈哈哈哈哈哈哈哈哈哈哈哈哈哈哈哈哈哈哈哈哈哈哈哈哈哈哈哈哈哈哈哈哈哈哈哈哈哈哈哈哈哈哈哈哈哈哈哈哈哈哈哈哈哈哈哈哈哈哈哈哈哈哈哈哈哈哈哈哈哈哈哈哈哈哈哈哈哈哈哈哈哈哈哈哈哈哈哈哈哈哈哈哈哈哈哈哈哈哈哈哈哈哈哈哈哈哈哈哈哈哈哈哈哈哈哈哈哈哈哈哈哈哈哈哈哈哈哈哈哈哈哈哈哈哈哈哈哈哈哈哈哈哈哈哈哈哈哈哈哈哈哈哈哈哈哈哈哈哈哈哈哈哈哈哈哈哈哈哈哈哈哈哈哈哈哈哈哈哈哈哈哈哈哈哈哈哈哈哈哈哈哈哈哈哈哈哈哈哈哈哈哈哈哈哈哈哈哈哈哈哈哈哈哈哈哈哈哈哈哈哈哈哈哈哈哈哈哈哈哈哈哈哈哈哈哈哈哈哈哈哈', '2014-09-09 16:00:00', '2014-09-09 16:00:00');
INSERT INTO `article_article` VALUES ('23', '哈哈哈哈哈', '2014-09-09 06:29:04', '哈哈哈哈哈哈哈哈哈哈哈哈哈哈哈哈哈哈哈哈哈哈哈哈哈哈哈哈哈哈哈哈哈哈哈哈哈哈哈哈哈哈哈哈哈哈哈哈哈哈哈哈哈哈哈哈哈哈哈哈哈哈哈哈哈哈哈哈哈哈哈哈哈哈哈哈哈哈哈哈哈哈哈哈哈哈哈哈哈哈哈哈哈哈哈哈哈哈哈哈哈哈哈哈哈哈哈哈哈哈哈哈哈哈哈哈哈哈哈哈哈哈哈哈哈哈哈哈哈哈哈哈哈哈哈哈哈哈哈哈哈哈哈哈哈哈哈哈哈哈哈哈哈哈哈哈哈哈哈哈哈哈哈哈哈哈哈哈哈哈哈哈哈哈哈哈哈哈哈哈哈哈哈哈哈哈哈哈哈哈哈哈哈哈哈哈哈哈哈哈哈哈哈哈哈哈哈哈哈哈哈哈哈哈哈哈哈哈哈哈哈哈哈哈哈哈哈哈哈哈哈哈哈哈哈哈哈哈哈哈哈哈哈哈哈哈哈哈哈哈哈哈哈哈哈哈哈哈哈哈哈哈哈哈哈哈哈哈哈哈哈哈哈哈哈哈哈哈哈哈哈哈哈哈哈哈哈哈哈哈哈哈哈哈哈哈哈哈哈哈哈哈哈哈哈哈哈哈哈哈哈哈哈哈哈哈哈哈哈哈哈哈哈哈哈哈哈哈哈哈哈哈哈哈哈哈哈哈哈哈哈哈哈哈哈哈哈哈哈哈哈哈哈哈哈哈哈哈哈哈哈哈哈哈哈哈哈哈哈哈哈哈哈哈哈哈哈哈哈哈哈哈哈哈哈哈哈哈哈哈哈哈哈哈哈哈哈哈哈哈哈哈哈哈哈哈哈哈哈哈哈哈哈哈哈哈哈哈哈哈哈哈哈哈哈哈哈哈哈哈哈哈哈哈哈哈哈哈哈哈哈哈哈哈哈哈哈哈哈哈哈哈哈哈哈哈哈哈哈哈哈哈哈哈哈哈哈哈哈哈哈哈哈哈哈哈哈哈哈哈哈哈哈哈哈哈哈哈哈哈哈哈哈哈哈哈哈哈哈哈哈哈哈哈哈哈哈哈哈哈哈哈哈哈哈哈哈哈哈哈哈哈哈哈哈哈哈哈哈哈哈哈哈哈哈哈哈哈哈哈哈哈哈哈哈哈哈哈哈哈哈哈哈哈哈哈哈哈哈哈哈哈哈哈哈哈哈哈哈哈哈哈哈哈哈哈哈哈哈哈哈哈哈哈哈哈哈哈哈哈哈哈哈哈哈哈哈哈哈哈哈哈哈哈哈哈哈哈哈哈哈哈哈哈哈哈哈哈哈哈哈哈哈哈哈哈哈哈哈哈哈哈哈哈哈哈哈哈哈哈哈哈哈哈哈哈哈哈哈哈哈哈哈哈哈哈哈哈哈哈哈哈哈哈哈哈哈哈哈哈哈哈哈哈哈哈哈哈哈哈哈哈哈哈哈哈哈哈哈哈哈哈哈哈哈哈哈哈哈哈哈哈哈哈哈哈哈哈哈哈哈哈哈哈哈哈哈哈哈哈哈哈哈哈哈哈哈哈哈哈哈哈哈哈哈哈哈哈哈哈哈哈哈哈哈哈哈哈哈哈哈哈哈哈哈哈哈哈哈哈哈哈哈哈哈哈哈哈哈哈哈哈哈哈哈哈哈哈哈哈哈哈哈哈哈哈哈哈哈哈哈哈哈哈哈哈哈哈哈哈哈哈哈哈哈哈哈哈哈哈哈哈哈哈哈哈哈哈哈哈哈哈哈哈哈哈哈哈哈哈哈哈哈哈哈哈哈哈哈哈哈哈哈哈哈哈哈哈哈哈哈哈哈哈哈哈哈哈哈哈哈哈哈哈哈哈哈哈哈哈哈哈哈哈哈哈哈哈哈哈', '哈哈哈哈哈哈哈哈哈哈哈哈哈哈哈哈哈哈哈哈哈哈哈哈哈哈哈哈哈哈哈哈哈哈哈哈哈哈哈哈哈哈哈哈哈哈哈哈哈哈哈哈哈哈哈哈哈哈哈哈哈哈哈哈哈哈哈哈哈哈哈哈哈哈哈哈哈哈哈哈哈哈哈哈哈哈哈哈哈哈哈哈哈哈哈哈哈哈哈哈哈哈哈哈哈哈哈哈哈哈哈哈哈哈哈哈哈哈哈哈哈哈哈哈哈哈哈哈哈哈哈哈哈哈哈哈哈哈哈哈哈哈哈哈哈哈哈哈哈哈哈哈哈哈哈哈哈哈哈哈哈哈哈哈哈哈哈哈哈哈哈哈哈哈哈哈哈哈哈哈哈哈哈哈哈哈哈哈哈哈哈哈哈哈哈哈哈哈哈哈哈哈哈哈哈哈哈哈哈哈哈哈哈哈哈哈哈哈哈哈哈哈哈哈哈哈哈哈哈哈哈哈哈哈哈哈哈哈哈哈哈哈哈哈哈哈哈哈哈哈哈哈哈哈哈哈哈哈哈哈哈哈哈哈哈哈哈哈哈哈哈哈哈哈哈哈哈哈哈哈哈哈哈哈哈哈哈哈哈哈哈哈哈哈哈哈哈哈哈哈哈哈哈哈哈哈哈哈哈哈哈哈哈哈哈哈哈哈哈哈哈哈哈哈哈哈哈哈哈哈哈哈哈哈哈哈哈哈哈哈哈哈哈哈哈哈哈哈哈哈哈哈哈哈哈哈哈哈哈哈哈哈哈哈哈哈哈哈哈哈哈哈哈哈哈哈哈哈哈哈哈哈哈哈哈哈哈哈哈哈哈哈哈哈哈哈哈哈哈哈哈哈哈哈哈哈哈哈哈哈哈哈哈哈哈哈哈哈哈哈哈哈哈哈哈哈哈哈哈哈哈哈哈哈哈哈哈哈哈哈哈哈哈哈哈哈哈哈哈哈哈哈哈哈哈哈哈哈哈哈哈哈哈哈哈哈哈哈哈哈哈哈哈哈哈哈哈哈哈哈哈哈哈哈哈哈哈哈哈哈哈哈哈哈哈哈哈哈哈哈哈哈哈哈哈哈哈哈哈哈哈哈哈哈哈哈哈哈哈哈哈哈哈哈哈哈哈哈哈哈哈哈哈哈哈哈哈哈哈哈哈哈哈哈哈哈哈哈哈哈哈哈哈哈哈哈哈哈哈哈哈哈哈哈哈哈哈哈哈哈哈哈哈哈哈哈哈哈哈哈哈哈哈哈哈哈哈哈哈哈哈哈哈哈哈哈哈哈哈哈哈哈哈哈哈哈哈哈哈哈哈哈哈哈哈哈哈哈哈哈哈哈哈哈哈哈哈哈哈哈哈哈哈哈哈哈哈哈哈哈哈哈哈哈哈哈哈哈哈哈哈哈哈哈哈哈哈哈哈哈哈哈哈哈哈哈哈哈哈哈哈哈哈哈哈哈哈哈哈哈哈哈哈哈哈哈哈哈哈哈哈哈哈哈哈哈哈哈哈哈哈哈哈哈哈哈哈哈哈哈哈哈哈哈哈哈哈哈哈哈哈哈哈哈哈哈哈哈哈哈哈哈哈哈哈哈哈哈哈哈哈哈哈哈哈哈哈哈哈哈哈哈哈哈哈哈哈哈哈哈哈哈哈哈哈哈哈哈哈哈哈哈哈哈哈哈哈哈哈哈哈哈哈哈哈哈哈哈哈哈哈哈哈哈哈哈哈哈哈哈哈哈哈哈哈哈哈哈哈哈哈哈哈哈哈哈哈哈哈哈哈哈哈哈哈哈哈哈哈哈哈哈哈哈哈哈哈哈哈哈哈哈哈哈哈哈哈哈哈哈哈哈哈哈哈哈哈哈哈哈哈哈哈哈哈哈哈哈哈哈哈哈哈哈哈哈哈哈哈哈', '2014-09-09 16:00:00', '2014-09-09 16:00:00');
INSERT INTO `article_article` VALUES ('24', '哈哈哈哈哈', '2014-09-09 06:29:16', '哈哈哈哈哈哈哈哈哈哈哈哈哈哈哈哈哈哈哈哈哈哈哈哈哈哈哈哈哈哈哈哈哈哈哈哈哈哈哈哈哈哈哈哈哈哈哈哈哈哈哈哈哈哈哈哈哈哈哈哈哈哈哈哈哈哈哈哈哈哈哈哈哈哈哈哈哈哈哈哈哈哈哈哈哈哈哈哈哈哈哈哈哈哈哈哈哈哈哈哈哈哈哈哈哈哈哈哈哈哈哈哈哈哈哈哈哈哈哈哈哈哈哈哈哈哈哈哈哈哈哈哈哈哈哈哈哈哈哈哈哈哈哈哈哈哈哈哈哈哈哈哈哈哈哈哈哈哈哈哈哈哈哈哈哈哈哈哈哈哈哈哈哈哈哈哈哈哈哈哈哈哈哈哈哈哈哈哈哈哈哈哈哈哈哈哈哈哈哈哈哈哈哈哈哈哈哈哈哈哈哈哈哈哈哈哈哈哈哈哈哈哈哈哈哈哈哈哈哈哈哈哈哈哈哈哈哈哈哈哈哈哈哈哈哈哈哈哈哈哈哈哈哈哈哈哈哈哈哈哈哈哈哈哈哈哈哈哈哈哈哈哈哈哈哈哈哈哈哈哈哈哈哈哈哈哈哈哈哈哈哈哈哈哈哈哈哈哈哈哈哈哈哈哈哈哈哈哈哈哈哈哈哈哈哈哈哈哈哈哈哈哈哈哈哈哈哈哈哈哈哈哈哈哈哈哈哈哈哈哈哈哈哈哈哈哈哈哈哈哈哈哈哈哈哈哈哈哈哈哈哈哈哈哈哈哈哈哈哈哈哈哈哈哈哈哈哈哈哈哈哈哈哈哈哈哈哈哈哈哈哈哈哈哈哈哈哈哈哈哈哈哈哈哈哈哈哈哈哈哈哈哈哈哈哈哈哈哈哈哈哈哈哈哈哈哈哈哈哈哈哈哈哈哈哈哈哈哈哈哈哈哈哈哈哈哈哈哈哈哈哈哈哈哈哈哈哈哈哈哈哈哈哈哈哈哈哈哈哈哈哈哈哈哈哈哈哈哈哈哈哈哈哈哈哈哈哈哈哈哈哈哈哈哈哈哈哈哈哈哈哈哈哈哈哈哈哈哈哈哈哈哈哈哈哈哈哈哈哈哈哈哈哈哈哈哈哈哈哈哈哈哈哈哈哈哈哈哈哈哈哈哈哈哈哈哈哈哈哈哈哈哈哈哈哈哈哈哈哈哈哈哈哈哈哈哈哈哈哈哈哈哈哈哈哈哈哈哈哈哈哈哈哈哈哈哈哈哈哈哈哈哈哈哈哈哈哈哈哈哈哈哈哈哈哈哈哈哈哈哈哈哈哈哈哈哈哈哈哈哈哈哈哈哈哈哈哈哈哈哈哈哈哈哈哈哈哈哈哈哈哈哈哈哈哈哈哈哈哈哈哈哈哈哈哈哈哈哈哈哈哈哈哈哈哈哈哈哈哈哈哈哈哈哈哈哈哈哈哈哈哈哈哈哈哈哈哈哈哈哈哈哈哈哈哈哈哈哈哈哈哈哈哈哈哈哈哈哈哈哈哈哈哈哈哈哈哈哈哈哈哈哈哈哈哈哈哈哈哈哈哈哈哈哈哈哈哈哈哈哈哈哈哈哈哈哈哈哈哈哈哈哈哈哈哈哈哈哈哈哈哈哈哈哈哈哈哈哈哈哈哈哈哈哈哈哈哈哈哈哈哈哈哈哈哈哈哈哈哈哈哈哈哈哈哈哈哈哈哈哈哈哈哈哈哈哈哈哈哈哈哈哈哈哈哈哈哈哈哈哈哈哈哈哈哈哈哈哈哈哈哈哈哈哈哈哈哈哈哈哈哈哈哈哈哈哈哈哈哈哈哈哈哈哈哈哈哈哈哈哈哈哈哈哈哈哈哈哈哈哈哈哈哈哈哈哈哈哈哈哈', '哈哈哈哈哈哈哈哈哈哈哈哈哈哈哈哈哈哈哈哈哈哈哈哈哈哈哈哈哈哈哈哈哈哈哈哈哈哈哈哈哈哈哈哈哈哈哈哈哈哈哈哈哈哈哈哈哈哈哈哈哈哈哈哈哈哈哈哈哈哈哈哈哈哈哈哈哈哈哈哈哈哈哈哈哈哈哈哈哈哈哈哈哈哈哈哈哈哈哈哈哈哈哈哈哈哈哈哈哈哈哈哈哈哈哈哈哈哈哈哈哈哈哈哈哈哈哈哈哈哈哈哈哈哈哈哈哈哈哈哈哈哈哈哈哈哈哈哈哈哈哈哈哈哈哈哈哈哈哈哈哈哈哈哈哈哈哈哈哈哈哈哈哈哈哈哈哈哈哈哈哈哈哈哈哈哈哈哈哈哈哈哈哈哈哈哈哈哈哈哈哈哈哈哈哈哈哈哈哈哈哈哈哈哈哈哈哈哈哈哈哈哈哈哈哈哈哈哈哈哈哈哈哈哈哈哈哈哈哈哈哈哈哈哈哈哈哈哈哈哈哈哈哈哈哈哈哈哈哈哈哈哈哈哈哈哈哈哈哈哈哈哈哈哈哈哈哈哈哈哈哈哈哈哈哈哈哈哈哈哈哈哈哈哈哈哈哈哈哈哈哈哈哈哈哈哈哈哈哈哈哈哈哈哈哈哈哈哈哈哈哈哈哈哈哈哈哈哈哈哈哈哈哈哈哈哈哈哈哈哈哈哈哈哈哈哈哈哈哈哈哈哈哈哈哈哈哈哈哈哈哈哈哈哈哈哈哈哈哈哈哈哈哈哈哈哈哈哈哈哈哈哈哈哈哈哈哈哈哈哈哈哈哈哈哈哈哈哈哈哈哈哈哈哈哈哈哈哈哈哈哈哈哈哈哈哈哈哈哈哈哈哈哈哈哈哈哈哈哈哈哈哈哈哈哈哈哈哈哈哈哈哈哈哈哈哈哈哈哈哈哈哈哈哈哈哈哈哈哈哈哈哈哈哈哈哈哈哈哈哈哈哈哈哈哈哈哈哈哈哈哈哈哈哈哈哈哈哈哈哈哈哈哈哈哈哈哈哈哈哈哈哈哈哈哈哈哈哈哈哈哈哈哈哈哈哈哈哈哈哈哈哈哈哈哈哈哈哈哈哈哈哈哈哈哈哈哈哈哈哈哈哈哈哈哈哈哈哈哈哈哈哈哈哈哈哈哈哈哈哈哈哈哈哈哈哈哈哈哈哈哈哈哈哈哈哈哈哈哈哈哈哈哈哈哈哈哈哈哈哈哈哈哈哈哈哈哈哈哈哈哈哈哈哈哈哈哈哈哈哈哈哈哈哈哈哈哈哈哈哈哈哈哈哈哈哈哈哈哈哈哈哈哈哈哈哈哈哈哈哈哈哈哈哈哈哈哈哈哈哈哈哈哈哈哈哈哈哈哈哈哈哈哈哈哈哈哈哈哈哈哈哈哈哈哈哈哈哈哈哈哈哈哈哈哈哈哈哈哈哈哈哈哈哈哈哈哈哈哈哈哈哈哈哈哈哈哈哈哈哈哈哈哈哈哈哈哈哈哈哈哈哈哈哈哈哈哈哈哈哈哈哈哈哈哈哈哈哈哈哈哈哈哈哈哈哈哈哈哈哈哈哈哈哈哈哈哈哈哈哈哈哈哈哈哈哈哈哈哈哈哈哈哈哈哈哈哈哈哈哈哈哈哈哈哈哈哈哈哈哈哈哈哈哈哈哈哈哈哈哈哈哈哈哈哈哈哈哈哈哈哈哈哈哈哈哈哈哈哈哈哈哈哈哈哈哈哈哈哈哈哈哈哈哈哈哈哈哈哈哈哈哈哈哈哈哈哈哈哈哈哈哈哈哈哈哈哈哈哈哈哈哈哈哈哈哈哈哈哈哈哈哈哈哈哈哈哈哈哈哈', '2014-09-09 16:00:00', '2014-09-09 16:00:00');
INSERT INTO `article_article` VALUES ('25', '哈哈哈哈哈', '2014-09-09 06:29:24', '哈哈哈哈哈哈哈哈哈哈哈哈哈哈哈哈哈哈哈哈哈哈哈哈哈哈哈哈哈哈哈哈哈哈哈哈哈哈哈哈哈哈哈哈哈哈哈哈哈哈哈哈哈哈哈哈哈哈哈哈哈哈哈哈哈哈哈哈哈哈哈哈哈哈哈哈哈哈哈哈哈哈哈哈哈哈哈哈哈哈哈哈哈哈哈哈哈哈哈哈哈哈哈哈哈哈哈哈哈哈哈哈哈哈哈哈哈哈哈哈哈哈哈哈哈哈哈哈哈哈哈哈哈哈哈哈哈哈哈哈哈哈哈哈哈哈哈哈哈哈哈哈哈哈哈哈哈哈哈哈哈哈哈哈哈哈哈哈哈哈哈哈哈哈哈哈哈哈哈哈哈哈哈哈哈哈哈哈哈哈哈哈哈哈哈哈哈哈哈哈哈哈哈哈哈哈哈哈哈哈哈哈哈哈哈哈哈哈哈哈哈哈哈哈哈哈哈哈哈哈哈哈哈哈哈哈哈哈哈哈哈哈哈哈哈哈哈哈哈哈哈哈哈哈哈哈哈哈哈哈哈哈哈哈哈哈哈哈哈哈哈哈哈哈哈哈哈哈哈哈哈哈哈哈哈哈哈哈哈哈哈哈哈哈哈哈哈哈哈哈哈哈哈哈哈哈哈哈哈哈哈哈哈哈哈哈哈哈哈哈哈哈哈哈哈哈哈哈哈哈哈哈哈哈哈哈哈哈哈哈哈哈哈哈哈哈哈哈哈哈哈哈哈哈哈哈哈哈哈哈哈哈哈哈哈哈哈哈哈哈哈哈哈哈哈哈哈哈哈哈哈哈哈哈哈哈哈哈哈哈哈哈哈哈哈哈哈哈哈哈哈哈哈哈哈哈哈哈哈哈哈哈哈哈哈哈哈哈哈哈哈哈哈哈哈哈哈哈哈哈哈哈哈哈哈哈哈哈哈哈哈哈哈哈哈哈哈哈哈哈哈哈哈哈哈哈哈哈哈哈哈哈哈哈哈哈哈哈哈哈哈哈哈哈哈哈哈哈哈哈哈哈哈哈哈哈哈哈哈哈哈哈哈哈哈哈哈哈哈哈哈哈哈哈哈哈哈哈哈哈哈哈哈哈哈哈哈哈哈哈哈哈哈哈哈哈哈哈哈哈哈哈哈哈哈哈哈哈哈哈哈哈哈哈哈哈哈哈哈哈哈哈哈哈哈哈哈哈哈哈哈哈哈哈哈哈哈哈哈哈哈哈哈哈哈哈哈哈哈哈哈哈哈哈哈哈哈哈哈哈哈哈哈哈哈哈哈哈哈哈哈哈哈哈哈哈哈哈哈哈哈哈哈哈哈哈哈哈哈哈哈哈哈哈哈哈哈哈哈哈哈哈哈哈哈哈哈哈哈哈哈哈哈哈哈哈哈哈哈哈哈哈哈哈哈哈哈哈哈哈哈哈哈哈哈哈哈哈哈哈哈哈哈哈哈哈哈哈哈哈哈哈哈哈哈哈哈哈哈哈哈哈哈哈哈哈哈哈哈哈哈哈哈哈哈哈哈哈哈哈哈哈哈哈哈哈哈哈哈哈哈哈哈哈哈哈哈哈哈哈哈哈哈哈哈哈哈哈哈哈哈哈哈哈哈哈哈哈哈哈哈哈哈哈哈哈哈哈哈哈哈哈哈哈哈哈哈哈哈哈哈哈哈哈哈哈哈哈哈哈哈哈哈哈哈哈哈哈哈哈哈哈哈哈哈哈哈哈哈哈哈哈哈哈哈哈哈哈哈哈哈哈哈哈哈哈哈哈哈哈哈哈哈哈哈哈哈哈哈哈哈哈哈哈哈哈哈哈哈哈哈哈哈哈哈哈哈哈哈哈哈哈哈哈哈哈哈哈哈哈哈哈哈哈哈哈哈哈哈哈哈哈哈哈哈哈哈哈哈哈', '哈哈哈哈哈哈哈哈哈哈哈哈哈哈哈哈哈哈哈哈哈哈哈哈哈哈哈哈哈哈哈哈哈哈哈哈哈哈哈哈哈哈哈哈哈哈哈哈哈哈哈哈哈哈哈哈哈哈哈哈哈哈哈哈哈哈哈哈哈哈哈哈哈哈哈哈哈哈哈哈哈哈哈哈哈哈哈哈哈哈哈哈哈哈哈哈哈哈哈哈哈哈哈哈哈哈哈哈哈哈哈哈哈哈哈哈哈哈哈哈哈哈哈哈哈哈哈哈哈哈哈哈哈哈哈哈哈哈哈哈哈哈哈哈哈哈哈哈哈哈哈哈哈哈哈哈哈哈哈哈哈哈哈哈哈哈哈哈哈哈哈哈哈哈哈哈哈哈哈哈哈哈哈哈哈哈哈哈哈哈哈哈哈哈哈哈哈哈哈哈哈哈哈哈哈哈哈哈哈哈哈哈哈哈哈哈哈哈哈哈哈哈哈哈哈哈哈哈哈哈哈哈哈哈哈哈哈哈哈哈哈哈哈哈哈哈哈哈哈哈哈哈哈哈哈哈哈哈哈哈哈哈哈哈哈哈哈哈哈哈哈哈哈哈哈哈哈哈哈哈哈哈哈哈哈哈哈哈哈哈哈哈哈哈哈哈哈哈哈哈哈哈哈哈哈哈哈哈哈哈哈哈哈哈哈哈哈哈哈哈哈哈哈哈哈哈哈哈哈哈哈哈哈哈哈哈哈哈哈哈哈哈哈哈哈哈哈哈哈哈哈哈哈哈哈哈哈哈哈哈哈哈哈哈哈哈哈哈哈哈哈哈哈哈哈哈哈哈哈哈哈哈哈哈哈哈哈哈哈哈哈哈哈哈哈哈哈哈哈哈哈哈哈哈哈哈哈哈哈哈哈哈哈哈哈哈哈哈哈哈哈哈哈哈哈哈哈哈哈哈哈哈哈哈哈哈哈哈哈哈哈哈哈哈哈哈哈哈哈哈哈哈哈哈哈哈哈哈哈哈哈哈哈哈哈哈哈哈哈哈哈哈哈哈哈哈哈哈哈哈哈哈哈哈哈哈哈哈哈哈哈哈哈哈哈哈哈哈哈哈哈哈哈哈哈哈哈哈哈哈哈哈哈哈哈哈哈哈哈哈哈哈哈哈哈哈哈哈哈哈哈哈哈哈哈哈哈哈哈哈哈哈哈哈哈哈哈哈哈哈哈哈哈哈哈哈哈哈哈哈哈哈哈哈哈哈哈哈哈哈哈哈哈哈哈哈哈哈哈哈哈哈哈哈哈哈哈哈哈哈哈哈哈哈哈哈哈哈哈哈哈哈哈哈哈哈哈哈哈哈哈哈哈哈哈哈哈哈哈哈哈哈哈哈哈哈哈哈哈哈哈哈哈哈哈哈哈哈哈哈哈哈哈哈哈哈哈哈哈哈哈哈哈哈哈哈哈哈哈哈哈哈哈哈哈哈哈哈哈哈哈哈哈哈哈哈哈哈哈哈哈哈哈哈哈哈哈哈哈哈哈哈哈哈哈哈哈哈哈哈哈哈哈哈哈哈哈哈哈哈哈哈哈哈哈哈哈哈哈哈哈哈哈哈哈哈哈哈哈哈哈哈哈哈哈哈哈哈哈哈哈哈哈哈哈哈哈哈哈哈哈哈哈哈哈哈哈哈哈哈哈哈哈哈哈哈哈哈哈哈哈哈哈哈哈哈哈哈哈哈哈哈哈哈哈哈哈哈哈哈哈哈哈哈哈哈哈哈哈哈哈哈哈哈哈哈哈哈哈哈哈哈哈哈哈哈哈哈哈哈哈哈哈哈哈哈哈哈哈哈哈哈哈哈哈哈哈哈哈哈哈哈哈哈哈哈哈哈哈哈哈哈哈哈哈哈哈哈哈哈哈哈哈哈哈哈哈哈哈哈哈哈哈哈哈哈哈哈哈哈', '2014-09-09 16:00:00', '2014-09-09 16:00:00');
INSERT INTO `article_article` VALUES ('26', '哈哈哈哈哈', '2014-09-09 06:29:40', '哈哈哈哈哈哈哈哈哈哈哈哈哈哈哈哈哈哈哈哈哈哈哈哈哈哈哈哈哈哈哈哈哈哈哈哈哈哈哈哈哈哈哈哈哈哈哈哈哈哈哈哈哈哈哈哈哈哈哈哈哈哈哈哈哈哈哈哈哈哈哈哈哈哈哈哈哈哈哈哈哈哈哈哈哈哈哈哈哈哈哈哈哈哈哈哈哈哈哈哈哈哈哈哈哈哈哈哈哈哈哈哈哈哈哈哈哈哈哈哈哈哈哈哈哈哈哈哈哈哈哈哈哈哈哈哈哈哈哈哈哈哈哈哈哈哈哈哈哈哈哈哈哈哈哈哈哈哈哈哈哈哈哈哈哈哈哈哈哈哈哈哈哈哈哈哈哈哈哈哈哈哈哈哈哈哈哈哈哈哈哈哈哈哈哈哈哈哈哈哈哈哈哈哈哈哈哈哈哈哈哈哈哈哈哈哈哈哈哈哈哈哈哈哈哈哈哈哈哈哈哈哈哈哈哈哈哈哈哈哈哈哈哈哈哈哈哈哈哈哈哈哈哈哈哈哈哈哈哈哈哈哈哈哈哈哈哈哈哈哈哈哈哈哈哈哈哈哈哈哈哈哈哈哈哈哈哈哈哈哈哈哈哈哈哈哈哈哈哈哈哈哈哈哈哈哈哈哈哈哈哈哈哈哈哈哈哈哈哈哈哈哈哈哈哈哈哈哈哈哈哈哈哈哈哈哈哈哈哈哈哈哈哈哈哈哈哈哈哈哈哈哈哈哈哈哈哈哈哈哈哈哈哈哈哈哈哈哈哈哈哈哈哈哈哈哈哈哈哈哈哈哈哈哈哈哈哈哈哈哈哈哈哈哈哈哈哈哈哈哈哈哈哈哈哈哈哈哈哈哈哈哈哈哈哈哈哈哈哈哈哈哈哈哈哈哈哈哈哈哈哈哈哈哈哈哈哈哈哈哈哈哈哈哈哈哈哈哈哈哈哈哈哈哈哈哈哈哈哈哈哈哈哈哈哈哈哈哈哈哈哈哈哈哈哈哈哈哈哈哈哈哈哈哈哈哈哈哈哈哈哈哈哈哈哈哈哈哈哈哈哈哈哈哈哈哈哈哈哈哈哈哈哈哈哈哈哈哈哈哈哈哈哈哈哈哈哈哈哈哈哈哈哈哈哈哈哈哈哈哈哈哈哈哈哈哈哈哈哈哈哈哈哈哈哈哈哈哈哈哈哈哈哈哈哈哈哈哈哈哈哈哈哈哈哈哈哈哈哈哈哈哈哈哈哈哈哈哈哈哈哈哈哈哈哈哈哈哈哈哈哈哈哈哈哈哈哈哈哈哈哈哈哈哈哈哈哈哈哈哈哈哈哈哈哈哈哈哈哈哈哈哈哈哈哈哈哈哈哈哈哈哈哈哈哈哈哈哈哈哈哈哈哈哈哈哈哈哈哈哈哈哈哈哈哈哈哈哈哈哈哈哈哈哈哈哈哈哈哈哈哈哈哈哈哈哈哈哈哈哈哈哈哈哈哈哈哈哈哈哈哈哈哈哈哈哈哈哈哈哈哈哈哈哈哈哈哈哈哈哈哈哈哈哈哈哈哈哈哈哈哈哈哈哈哈哈哈哈哈哈哈哈哈哈哈哈哈哈哈哈哈哈哈哈哈哈哈哈哈哈哈哈哈哈哈哈哈哈哈哈哈哈哈哈哈哈哈哈哈哈哈哈哈哈哈哈哈哈哈哈哈哈哈哈哈哈哈哈哈哈哈哈哈哈哈哈哈哈哈哈哈哈哈哈哈哈哈哈哈哈哈哈哈哈哈哈哈哈哈哈哈哈哈哈哈哈哈哈哈哈哈哈哈哈哈哈哈哈哈哈哈哈哈哈哈哈哈哈哈哈哈哈哈哈哈哈哈哈哈哈哈哈哈哈哈哈哈哈哈哈', '哈哈哈哈哈哈哈哈哈哈哈哈哈哈哈哈哈哈哈哈哈哈哈哈哈哈哈哈哈哈哈哈哈哈哈哈哈哈哈哈哈哈哈哈哈哈哈哈哈哈哈哈哈哈哈哈哈哈哈哈哈哈哈哈哈哈哈哈哈哈哈哈哈哈哈哈哈哈哈哈哈哈哈哈哈哈哈哈哈哈哈哈哈哈哈哈哈哈哈哈哈哈哈哈哈哈哈哈哈哈哈哈哈哈哈哈哈哈哈哈哈哈哈哈哈哈哈哈哈哈哈哈哈哈哈哈哈哈哈哈哈哈哈哈哈哈哈哈哈哈哈哈哈哈哈哈哈哈哈哈哈哈哈哈哈哈哈哈哈哈哈哈哈哈哈哈哈哈哈哈哈哈哈哈哈哈哈哈哈哈哈哈哈哈哈哈哈哈哈哈哈哈哈哈哈哈哈哈哈哈哈哈哈哈哈哈哈哈哈哈哈哈哈哈哈哈哈哈哈哈哈哈哈哈哈哈哈哈哈哈哈哈哈哈哈哈哈哈哈哈哈哈哈哈哈哈哈哈哈哈哈哈哈哈哈哈哈哈哈哈哈哈哈哈哈哈哈哈哈哈哈哈哈哈哈哈哈哈哈哈哈哈哈哈哈哈哈哈哈哈哈哈哈哈哈哈哈哈哈哈哈哈哈哈哈哈哈哈哈哈哈哈哈哈哈哈哈哈哈哈哈哈哈哈哈哈哈哈哈哈哈哈哈哈哈哈哈哈哈哈哈哈哈哈哈哈哈哈哈哈哈哈哈哈哈哈哈哈哈哈哈哈哈哈哈哈哈哈哈哈哈哈哈哈哈哈哈哈哈哈哈哈哈哈哈哈哈哈哈哈哈哈哈哈哈哈哈哈哈哈哈哈哈哈哈哈哈哈哈哈哈哈哈哈哈哈哈哈哈哈哈哈哈哈哈哈哈哈哈哈哈哈哈哈哈哈哈哈哈哈哈哈哈哈哈哈哈哈哈哈哈哈哈哈哈哈哈哈哈哈哈哈哈哈哈哈哈哈哈哈哈哈哈哈哈哈哈哈哈哈哈哈哈哈哈哈哈哈哈哈哈哈哈哈哈哈哈哈哈哈哈哈哈哈哈哈哈哈哈哈哈哈哈哈哈哈哈哈哈哈哈哈哈哈哈哈哈哈哈哈哈哈哈哈哈哈哈哈哈哈哈哈哈哈哈哈哈哈哈哈哈哈哈哈哈哈哈哈哈哈哈哈哈哈哈哈哈哈哈哈哈哈哈哈哈哈哈哈哈哈哈哈哈哈哈哈哈哈哈哈哈哈哈哈哈哈哈哈哈哈哈哈哈哈哈哈哈哈哈哈哈哈哈哈哈哈哈哈哈哈哈哈哈哈哈哈哈哈哈哈哈哈哈哈哈哈哈哈哈哈哈哈哈哈哈哈哈哈哈哈哈哈哈哈哈哈哈哈哈哈哈哈哈哈哈哈哈哈哈哈哈哈哈哈哈哈哈哈哈哈哈哈哈哈哈哈哈哈哈哈哈哈哈哈哈哈哈哈哈哈哈哈哈哈哈哈哈哈哈哈哈哈哈哈哈哈哈哈哈哈哈哈哈哈哈哈哈哈哈哈哈哈哈哈哈哈哈哈哈哈哈哈哈哈哈哈哈哈哈哈哈哈哈哈哈哈哈哈哈哈哈哈哈哈哈哈哈哈哈哈哈哈哈哈哈哈哈哈哈哈哈哈哈哈哈哈哈哈哈哈哈哈哈哈哈哈哈哈哈哈哈哈哈哈哈哈哈哈哈哈哈哈哈哈哈哈哈哈哈哈哈哈哈哈哈哈哈哈哈哈哈哈哈哈哈哈哈哈哈哈哈哈哈哈哈哈哈哈哈哈哈哈哈哈哈哈哈哈哈哈哈哈哈哈哈哈哈哈哈哈', '2014-09-09 16:00:00', '2014-09-09 16:00:00');
INSERT INTO `article_article` VALUES ('27', '哈哈哈哈哈', '2014-09-09 15:22:13', '哈哈哈哈哈哈哈哈哈哈哈哈哈哈哈哈哈哈哈哈哈哈哈哈哈哈哈哈哈哈哈哈哈哈哈哈哈哈哈哈哈哈哈哈哈哈哈哈哈哈哈哈哈哈哈哈哈哈哈哈哈哈哈哈哈哈哈哈哈哈哈哈哈哈哈哈哈哈哈哈哈哈哈哈哈哈哈哈哈哈哈哈哈哈哈哈哈哈哈哈哈哈哈哈哈哈哈哈哈哈哈哈哈哈哈哈哈哈哈哈哈哈哈哈哈哈哈哈哈哈哈哈哈哈哈哈哈哈哈哈哈哈哈哈哈哈哈哈哈哈哈哈哈哈哈哈哈哈哈哈哈哈哈哈哈哈哈哈哈哈哈哈哈哈哈哈哈哈哈哈哈哈哈哈哈哈哈哈哈哈哈哈哈哈哈哈哈哈哈哈哈哈哈哈哈哈哈哈哈哈哈哈哈哈哈哈哈哈哈哈哈哈哈哈哈哈哈哈哈哈哈哈哈哈哈哈哈哈哈哈哈哈哈哈哈哈哈哈哈哈哈哈哈哈哈哈哈哈哈哈哈哈哈哈哈哈哈哈哈哈哈哈哈哈哈哈哈哈哈哈哈哈哈哈哈哈哈哈哈哈哈哈哈哈哈哈哈哈哈哈哈哈哈哈哈哈哈哈哈哈哈哈哈哈哈哈哈哈哈哈哈哈哈哈哈哈哈哈哈哈哈哈哈哈哈哈哈哈哈哈哈哈哈哈哈哈哈哈哈哈哈哈哈哈哈哈哈哈哈哈哈哈哈哈哈哈哈哈哈哈哈哈哈哈哈哈哈哈哈哈哈哈哈哈哈哈哈哈哈哈哈哈哈哈哈哈哈哈哈哈哈哈哈哈哈哈哈哈哈哈哈哈哈哈哈哈哈哈哈哈哈哈哈哈哈哈哈哈哈哈哈哈哈哈哈哈哈哈哈哈哈哈哈哈哈哈哈哈哈哈哈哈哈哈哈哈哈哈哈哈哈哈哈哈哈哈哈哈哈哈哈哈哈哈哈哈哈哈哈哈哈哈哈哈哈哈哈哈哈哈哈哈哈哈哈哈哈哈哈哈哈哈哈哈哈哈哈哈哈哈哈哈哈哈哈哈哈哈哈哈哈哈哈哈哈哈哈哈哈哈哈哈哈哈哈哈哈哈哈哈哈哈哈哈哈哈哈哈哈哈哈哈哈哈哈哈哈哈哈哈哈哈哈哈哈哈哈哈哈哈哈哈哈哈哈哈哈哈哈哈哈哈哈哈哈哈哈哈哈哈哈哈哈哈哈哈哈哈哈哈哈哈哈哈哈哈哈哈哈哈哈哈哈哈哈哈哈哈哈哈哈哈哈哈哈哈哈哈哈哈哈哈哈哈哈哈哈哈哈哈哈哈哈哈哈哈哈哈哈哈哈哈哈哈哈哈哈哈哈哈哈哈哈哈哈哈哈哈哈哈哈哈哈哈哈哈哈哈哈哈哈哈哈哈哈哈哈哈哈哈哈哈哈哈哈哈哈哈哈哈哈哈哈哈哈哈哈哈哈哈哈哈哈哈哈哈哈哈哈哈哈哈哈哈哈哈哈哈哈哈哈哈哈哈哈哈哈哈哈哈哈哈哈哈哈哈哈哈哈哈哈哈哈哈哈哈哈哈哈哈哈哈哈哈哈哈哈哈哈哈哈哈哈哈哈哈哈哈哈哈哈哈哈哈哈哈哈哈哈哈哈哈哈哈哈哈哈哈哈哈哈哈哈哈哈哈哈哈哈哈哈哈哈哈哈哈哈哈哈哈哈哈哈哈哈哈哈哈哈哈哈哈哈哈哈哈哈哈哈哈哈哈哈哈哈哈哈哈哈哈哈哈哈哈哈哈哈哈哈哈哈哈哈哈哈哈哈哈哈哈哈哈哈哈哈哈哈哈哈哈', '哈哈哈哈哈哈哈哈哈哈哈哈哈哈哈哈哈哈哈哈哈哈哈哈哈哈哈哈哈哈哈哈哈哈哈哈哈哈哈哈哈哈哈哈哈哈哈哈哈哈哈哈哈哈哈哈哈哈哈哈哈哈哈哈哈哈哈哈哈哈哈哈哈哈哈哈哈哈哈哈哈哈哈哈哈哈哈哈哈哈哈哈哈哈哈哈哈哈哈哈哈哈哈哈哈哈哈哈哈哈哈哈哈哈哈哈哈哈哈哈哈哈哈哈哈哈哈哈哈哈哈哈哈哈哈哈哈哈哈哈哈哈哈哈哈哈哈哈哈哈哈哈哈哈哈哈哈哈哈哈哈哈哈哈哈哈哈哈哈哈哈哈哈哈哈哈哈哈哈哈哈哈哈哈哈哈哈哈哈哈哈哈哈哈哈哈哈哈哈哈哈哈哈哈哈哈哈哈哈哈哈哈哈哈哈哈哈哈哈哈哈哈哈哈哈哈哈哈哈哈哈哈哈哈哈哈哈哈哈哈哈哈哈哈哈哈哈哈哈哈哈哈哈哈哈哈哈哈哈哈哈哈哈哈哈哈哈哈哈哈哈哈哈哈哈哈哈哈哈哈哈哈哈哈哈哈哈哈哈哈哈哈哈哈哈哈哈哈哈哈哈哈哈哈哈哈哈哈哈哈哈哈哈哈哈哈哈哈哈哈哈哈哈哈哈哈哈哈哈哈哈哈哈哈哈哈哈哈哈哈哈哈哈哈哈哈哈哈哈哈哈哈哈哈哈哈哈哈哈哈哈哈哈哈哈哈哈哈哈哈哈哈哈哈哈哈哈哈哈哈哈哈哈哈哈哈哈哈哈哈哈哈哈哈哈哈哈哈哈哈哈哈哈哈哈哈哈哈哈哈哈哈哈哈哈哈哈哈哈哈哈哈哈哈哈哈哈哈哈哈哈哈哈哈哈哈哈哈哈哈哈哈哈哈哈哈哈哈哈哈哈哈哈哈哈哈哈哈哈哈哈哈哈哈哈哈哈哈哈哈哈哈哈哈哈哈哈哈哈哈哈哈哈哈哈哈哈哈哈哈哈哈哈哈哈哈哈哈哈哈哈哈哈哈哈哈哈哈哈哈哈哈哈哈哈哈哈哈哈哈哈哈哈哈哈哈哈哈哈哈哈哈哈哈哈哈哈哈哈哈哈哈哈哈哈哈哈哈哈哈哈哈哈哈哈哈哈哈哈哈哈哈哈哈哈哈哈哈哈哈哈哈哈哈哈哈哈哈哈哈哈哈哈哈哈哈哈哈哈哈哈哈哈哈哈哈哈哈哈哈哈哈哈哈哈哈哈哈哈哈哈哈哈哈哈哈哈哈哈哈哈哈哈哈哈哈哈哈哈哈哈哈哈哈哈哈哈哈哈哈哈哈哈哈哈哈哈哈哈哈哈哈哈哈哈哈哈哈哈哈哈哈哈哈哈哈哈哈哈哈哈哈哈哈哈哈哈哈哈哈哈哈哈哈哈哈哈哈哈哈哈哈哈哈哈哈哈哈哈哈哈哈哈哈哈哈哈哈哈哈哈哈哈哈哈哈哈哈哈哈哈哈哈哈哈哈哈哈哈哈哈哈哈哈哈哈哈哈哈哈哈哈哈哈哈哈哈哈哈哈哈哈哈哈哈哈哈哈哈哈哈哈哈哈哈哈哈哈哈哈哈哈哈哈哈哈哈哈哈哈哈哈哈哈哈哈哈哈哈哈哈哈哈哈哈哈哈哈哈哈哈哈哈哈哈哈哈哈哈哈哈哈哈哈哈哈哈哈哈哈哈哈哈哈哈哈哈哈哈哈哈哈哈哈哈哈哈哈哈哈哈哈哈哈哈哈哈哈哈哈哈哈哈哈哈哈哈哈哈哈哈哈哈哈哈哈哈哈哈哈哈哈哈哈哈哈哈哈哈哈', '2014-09-09 16:00:00', '2014-09-09 16:00:00');
INSERT INTO `article_article` VALUES ('28', '博客的分页管理 续', '2014-09-10 12:31:56', '考虑到之后随着博文数量的不断增加，页面也会不断被拉长，所以设计一个合理的分页管理功能还是很有必要的。\n\n###后台设计\n\n参考自Django的[Pagination][1]。\n\n>Pagination主要的功能就是将一个数组或者是Django中的QuerySet进行封装，增加有关分页的一些属性，用于前台的显示。\n\n下面是一段对QuerySet进行分页的代码：\n\n```\ndef paginate_articles(self, all_articles, page_number):\n		paginator = Paginator(all_articles, 5)\n\n		try:\n			articles = paginator.page(page_number)\n		except PageNotAnInteger:\n			articles = paginator.page(1)\n		except EmptyPage:\n			articles = paginator.page(paginator.num_pages)\n		if not page_number:\n			articles.page_number = 1\n		else:\n			articles.page_number = int(page_number)\n		return articles\n```\n这里主要注意的就是Paginator这个类，将需要分页的QuerySet和每页需要显示的对象数量作为参数传入，生成paginator。在一系列的try...catch之后，生成指定页的articles，最后对page_number进行处理，返回对象。\n\n###前台模板\n```\n<div class=\"pagination row\">\n	    <ul class=\"pagination\">\n	    	{% if articles.has_previous %}\n	            <li><a href=\"?page={{ articles.previous_page_number }}\"><span>&laquo;</span></a></li>\n	        {% else %}\n			    <li class=\'disabled\'><span>&laquo;</span></li>\n	        {% endif %}\n		    {% for page in articles.paginator.page_range %}\n				{% if articles.page_number == page %}\n					<li class=\"active\"><span>{{ page }}</span></li>\n				{% else %}\n					<li><a href=\"?page={{ page }}\">{{ page }}</a></li>\n				{% endif %}\n		    {% endfor %}\n		    {% if articles.has_next %}\n	            <li><a href=\"?page={{ articles.next_page_number }}\"><span>»</span></a></li>\n	        {% else %}\n			    <li class=\'disabled\'><span>»</span></li>\n	        {% endif %}\n		</ul>\n	</div>\n```\n这里要说一下Pagination的api。\n```\n>>> articles.has_previous # 是否有前页\n>>> articles.has_next\n>>> articles.previous_page_number # 前页的页码\n>>> articles.paginator.page_range # 主要是这项，获得所有的页码，以数组的形式表示，例如：[1, 2, 3]\n```\n由于Django官方给出的是next和previous形式的示例，而我想要更加直观的给出页数，可以让用户选点，所以稍微做了点改动。\n\n样式使用的是bootstrap的[pagination][2]组件。是基于ul，li的一套列表，只要添加上合适的class，就可以做出精美的样式。\n\n最后做出的效果就是下面这样啦。\n![图片示例](http://zydmayday-img.stor.sinaapp.com/%E5%AF%BC%E8%88%AA%E6%A0%8F%E7%A4%BA%E4%BE%8B.jpg)\n\n\n###改进与总结\n至此，我已经完成了基本的分页功能，而且在短时间内看起来是够用了，毕竟我的博文数量有限，不过考虑到未来可能增加到几十几百的话，按照现在的分页方式来看，这个分页栏就会非常的冗长。\n\n因此，我们可以增加一个首页，末页的按钮，并根据当前页码显示之前的5页和之后的5页，以此来增强分页功能。\n\n总的来说，目前的分页功能对于我来说还是足够用的，现在要做的就是多写点博文，继续完善博客的功能。\n\n\n[1]:https://docs.djangoproject.com/en/dev/topics/pagination/\n[2]:http://v3.bootcss.com/components/#pagination', '<p>考虑到之后随着博文数量的不断增加，页面也会不断被拉长，所以设计一个合理的分页管理功能还是很有必要的。</p>\n\n\n\n<h3 id=\"后台设计\">后台设计</h3>\n\n<p>参考自Django的<a href=\"https://docs.djangoproject.com/en/dev/topics/pagination/\">Pagination</a>。</p>\n\n<blockquote>\n  <p>Pagination主要的功能就是将一个数组或者是Django中的QuerySet进行封装，增加有关分页的一些属性，用于前台的显示。</p>\n</blockquote>\n\n<p>下面是一段对QuerySet进行分页的代码：</p>\n\n\n\n<pre class=\"prettyprint\"><code class=\" hljs python\"><span class=\"hljs-function\"><span class=\"hljs-keyword\">def</span> <span class=\"hljs-title\">paginate_articles</span><span class=\"hljs-params\">(self, all_articles, page_number)</span>:</span>\n        paginator = Paginator(all_articles, <span class=\"hljs-number\">5</span>)\n\n        <span class=\"hljs-keyword\">try</span>:\n            articles = paginator.page(page_number)\n        <span class=\"hljs-keyword\">except</span> PageNotAnInteger:\n            articles = paginator.page(<span class=\"hljs-number\">1</span>)\n        <span class=\"hljs-keyword\">except</span> EmptyPage:\n            articles = paginator.page(paginator.num_pages)\n        <span class=\"hljs-keyword\">if</span> <span class=\"hljs-keyword\">not</span> page_number:\n            articles.page_number = <span class=\"hljs-number\">1</span>\n        <span class=\"hljs-keyword\">else</span>:\n            articles.page_number = int(page_number)\n        <span class=\"hljs-keyword\">return</span> articles</code></pre>\n\n<p>这里主要注意的就是Paginator这个类，将需要分页的QuerySet和每页需要显示的对象数量作为参数传入，生成paginator。在一系列的try…catch之后，生成指定页的articles，最后对page_number进行处理，返回对象。</p>\n\n\n\n<h3 id=\"前台模板\">前台模板</h3>\n\n\n\n<pre class=\"prettyprint\"><code class=\" hljs django\"><span class=\"xml\"><span class=\"hljs-tag\">&lt;<span class=\"hljs-title\">div</span> <span class=\"hljs-attribute\">class</span>=<span class=\"hljs-value\">\"pagination row\"</span>&gt;</span>\n    <span class=\"hljs-tag\">&lt;<span class=\"hljs-title\">ul</span> <span class=\"hljs-attribute\">class</span>=<span class=\"hljs-value\">\"pagination\"</span>&gt;</span>\n        </span><span class=\"hljs-template_tag\">{% <span class=\"hljs-keyword\">if</span> articles.has_previous %}</span><span class=\"xml\">\n            <span class=\"hljs-tag\">&lt;<span class=\"hljs-title\">li</span>&gt;</span><span class=\"hljs-tag\">&lt;<span class=\"hljs-title\">a</span> <span class=\"hljs-attribute\">href</span>=<span class=\"hljs-value\">\"?page=</span></span></span><span class=\"hljs-variable\">{{ articles.previous_page_number }}</span><span class=\"xml\"><span class=\"hljs-tag\"><span class=\"hljs-value\">\"</span>&gt;</span><span class=\"hljs-tag\">&lt;<span class=\"hljs-title\">span</span>&gt;</span>&amp;laquo;<span class=\"hljs-tag\">&lt;/<span class=\"hljs-title\">span</span>&gt;</span><span class=\"hljs-tag\">&lt;/<span class=\"hljs-title\">a</span>&gt;</span><span class=\"hljs-tag\">&lt;/<span class=\"hljs-title\">li</span>&gt;</span>\n        </span><span class=\"hljs-template_tag\">{% <span class=\"hljs-keyword\">else</span> %}</span><span class=\"xml\">\n            <span class=\"hljs-tag\">&lt;<span class=\"hljs-title\">li</span> <span class=\"hljs-attribute\">class</span>=<span class=\"hljs-value\">\'disabled\'</span>&gt;</span><span class=\"hljs-tag\">&lt;<span class=\"hljs-title\">span</span>&gt;</span>&amp;laquo;<span class=\"hljs-tag\">&lt;/<span class=\"hljs-title\">span</span>&gt;</span><span class=\"hljs-tag\">&lt;/<span class=\"hljs-title\">li</span>&gt;</span>\n        </span><span class=\"hljs-template_tag\">{% <span class=\"hljs-keyword\">endif</span> %}</span><span class=\"xml\">\n        </span><span class=\"hljs-template_tag\">{% <span class=\"hljs-keyword\">for</span> page <span class=\"hljs-keyword\">in</span> articles.paginator.page_range %}</span><span class=\"xml\">\n            </span><span class=\"hljs-template_tag\">{% <span class=\"hljs-keyword\">if</span> articles.page_number == page %}</span><span class=\"xml\">\n                <span class=\"hljs-tag\">&lt;<span class=\"hljs-title\">li</span> <span class=\"hljs-attribute\">class</span>=<span class=\"hljs-value\">\"active\"</span>&gt;</span><span class=\"hljs-tag\">&lt;<span class=\"hljs-title\">span</span>&gt;</span></span><span class=\"hljs-variable\">{{ page }}</span><span class=\"xml\"><span class=\"hljs-tag\">&lt;/<span class=\"hljs-title\">span</span>&gt;</span><span class=\"hljs-tag\">&lt;/<span class=\"hljs-title\">li</span>&gt;</span>\n            </span><span class=\"hljs-template_tag\">{% <span class=\"hljs-keyword\">else</span> %}</span><span class=\"xml\">\n                <span class=\"hljs-tag\">&lt;<span class=\"hljs-title\">li</span>&gt;</span><span class=\"hljs-tag\">&lt;<span class=\"hljs-title\">a</span> <span class=\"hljs-attribute\">href</span>=<span class=\"hljs-value\">\"?page=</span></span></span><span class=\"hljs-variable\">{{ page }}</span><span class=\"xml\"><span class=\"hljs-tag\"><span class=\"hljs-value\">\"</span>&gt;</span></span><span class=\"hljs-variable\">{{ page }}</span><span class=\"xml\"><span class=\"hljs-tag\">&lt;/<span class=\"hljs-title\">a</span>&gt;</span><span class=\"hljs-tag\">&lt;/<span class=\"hljs-title\">li</span>&gt;</span>\n            </span><span class=\"hljs-template_tag\">{% <span class=\"hljs-keyword\">endif</span> %}</span><span class=\"xml\">\n        </span><span class=\"hljs-template_tag\">{% <span class=\"hljs-keyword\">endfor</span> %}</span><span class=\"xml\">\n        </span><span class=\"hljs-template_tag\">{% <span class=\"hljs-keyword\">if</span> articles.has_next %}</span><span class=\"xml\">\n            <span class=\"hljs-tag\">&lt;<span class=\"hljs-title\">li</span>&gt;</span><span class=\"hljs-tag\">&lt;<span class=\"hljs-title\">a</span> <span class=\"hljs-attribute\">href</span>=<span class=\"hljs-value\">\"?page=</span></span></span><span class=\"hljs-variable\">{{ articles.next_page_number }}</span><span class=\"xml\"><span class=\"hljs-tag\"><span class=\"hljs-value\">\"</span>&gt;</span><span class=\"hljs-tag\">&lt;<span class=\"hljs-title\">span</span>&gt;</span>»<span class=\"hljs-tag\">&lt;/<span class=\"hljs-title\">span</span>&gt;</span><span class=\"hljs-tag\">&lt;/<span class=\"hljs-title\">a</span>&gt;</span><span class=\"hljs-tag\">&lt;/<span class=\"hljs-title\">li</span>&gt;</span>\n        </span><span class=\"hljs-template_tag\">{% <span class=\"hljs-keyword\">else</span> %}</span><span class=\"xml\">\n            <span class=\"hljs-tag\">&lt;<span class=\"hljs-title\">li</span> <span class=\"hljs-attribute\">class</span>=<span class=\"hljs-value\">\'disabled\'</span>&gt;</span><span class=\"hljs-tag\">&lt;<span class=\"hljs-title\">span</span>&gt;</span>»<span class=\"hljs-tag\">&lt;/<span class=\"hljs-title\">span</span>&gt;</span><span class=\"hljs-tag\">&lt;/<span class=\"hljs-title\">li</span>&gt;</span>\n        </span><span class=\"hljs-template_tag\">{% <span class=\"hljs-keyword\">endif</span> %}</span><span class=\"xml\">\n    <span class=\"hljs-tag\">&lt;/<span class=\"hljs-title\">ul</span>&gt;</span>\n<span class=\"hljs-tag\">&lt;/<span class=\"hljs-title\">div</span>&gt;</span></span></code></pre>\n\n<p>这里要说一下Pagination的api。</p>\n\n\n\n<pre class=\"prettyprint\"><code class=\" hljs avrasm\">&gt;&gt;&gt; articles<span class=\"hljs-preprocessor\">.has</span>_previous <span class=\"hljs-preprocessor\"># 是否有前页</span>\n&gt;&gt;&gt; articles<span class=\"hljs-preprocessor\">.has</span>_next\n&gt;&gt;&gt; articles<span class=\"hljs-preprocessor\">.previous</span>_page_number <span class=\"hljs-preprocessor\"># 前页的页码</span>\n&gt;&gt;&gt; articles<span class=\"hljs-preprocessor\">.paginator</span><span class=\"hljs-preprocessor\">.page</span>_range <span class=\"hljs-preprocessor\"># 主要是这项，获得所有的页码，以数组的形式表示，例如：[1, 2, 3]</span></code></pre>\n\n<p>由于Django官方给出的是next和previous形式的示例，而我想要更加直观的给出页数，可以让用户选点，所以稍微做了点改动。</p>\n\n<p>样式使用的是bootstrap的<a href=\"http://v3.bootcss.com/components/#pagination\">pagination</a>组件。是基于ul，li的一套列表，只要添加上合适的class，就可以做出精美的样式。</p>\n\n<p>最后做出的效果就是下面这样啦。 <br>\n<img src=\"http://zydmayday-img.stor.sinaapp.com/%E5%AF%BC%E8%88%AA%E6%A0%8F%E7%A4%BA%E4%BE%8B.jpg\" alt=\"图片示例\" title=\"\"></p>\n\n\n\n<h3 id=\"改进与总结\">改进与总结</h3>\n\n<p>至此，我已经完成了基本的分页功能，而且在短时间内看起来是够用了，毕竟我的博文数量有限，不过考虑到未来可能增加到几十几百的话，按照现在的分页方式来看，这个分页栏就会非常的冗长。</p>\n\n<p>因此，我们可以增加一个首页，末页的按钮，并根据当前页码显示之前的5页和之后的5页，以此来增强分页功能。</p>\n\n<p>总的来说，目前的分页功能对于我来说还是足够用的，现在要做的就是多写点博文，继续完善博客的功能。</p>', '2014-09-09 16:00:00', '2014-09-09 16:00:00');
INSERT INTO `article_article` VALUES ('29', '哈哈哈', '2014-09-09 15:40:13', '哈哈哈哈哈哈哈哈哈哈哈哈哈哈哈哈哈哈哈哈哈哈哈哈哈哈哈哈哈哈哈哈哈哈哈哈哈哈哈哈哈哈哈哈哈哈哈哈哈哈哈哈哈哈哈哈哈哈哈哈哈哈哈哈哈哈哈哈哈哈哈哈哈哈哈哈哈哈哈哈哈哈哈哈哈哈哈哈哈哈哈哈哈哈哈哈哈哈哈哈哈哈哈哈哈哈哈哈哈哈哈哈哈哈哈哈哈哈哈哈哈哈哈哈哈哈哈哈哈哈哈哈哈哈哈哈哈哈哈哈哈哈哈哈哈哈哈哈哈哈哈哈哈哈哈哈哈哈哈哈哈哈哈哈哈哈哈哈哈哈哈哈哈哈哈哈哈哈哈哈哈哈哈哈哈哈哈哈哈哈哈哈哈哈哈哈哈哈哈哈哈哈哈哈哈哈哈哈哈哈哈哈哈哈哈哈哈哈哈哈哈哈哈哈哈哈哈哈哈哈哈哈哈哈哈哈哈哈哈哈哈哈哈哈哈哈哈哈哈哈哈哈哈哈哈哈哈哈哈哈哈哈哈哈哈哈哈哈哈哈哈哈哈哈哈哈哈哈哈哈哈哈哈哈哈哈哈哈哈哈哈哈哈哈哈哈哈哈哈哈哈哈哈哈哈哈哈哈哈哈哈哈哈哈哈哈哈哈哈哈哈哈哈哈哈哈哈哈哈哈哈哈哈哈哈哈哈哈哈哈哈哈哈哈哈哈哈哈哈哈哈哈哈哈哈哈哈哈哈哈哈哈哈哈哈哈哈哈哈哈哈哈哈哈哈哈哈哈哈哈哈哈哈哈哈哈哈哈哈哈哈哈哈哈哈哈哈哈哈哈哈哈哈哈哈哈哈哈哈哈哈哈哈哈哈哈哈哈哈哈哈哈哈哈哈哈哈哈哈哈哈哈哈哈哈哈哈哈哈哈哈哈哈哈哈哈哈哈哈哈哈哈哈哈哈哈哈哈哈哈哈哈哈哈哈哈哈哈哈哈哈哈哈哈哈哈哈哈哈哈哈哈哈哈哈哈哈哈哈哈哈哈哈哈哈哈哈哈哈哈哈哈哈哈哈哈哈哈哈哈哈哈哈哈哈哈哈哈哈哈哈哈哈哈哈哈哈哈哈哈哈哈哈哈哈哈哈哈哈哈哈哈哈哈哈哈哈哈哈哈哈哈哈哈哈哈哈哈哈哈哈哈哈哈哈哈哈哈哈哈哈哈哈哈哈哈哈哈哈哈哈哈哈哈哈哈哈哈哈哈哈哈哈哈哈哈哈哈哈哈哈哈哈哈哈哈哈哈哈哈哈哈哈哈哈哈哈哈哈哈哈哈哈哈哈哈哈哈哈哈哈哈哈哈哈哈哈哈哈哈哈哈哈哈哈哈哈哈哈哈哈哈哈哈哈哈哈哈哈哈哈哈哈哈哈哈哈哈哈哈哈哈哈哈哈哈哈哈哈哈哈哈哈哈哈哈哈哈哈哈哈哈哈哈哈哈哈哈哈哈哈哈哈哈哈哈哈哈哈哈哈哈哈哈哈哈哈哈哈哈哈哈哈哈哈哈哈哈哈哈哈哈哈哈哈哈哈哈哈哈哈哈哈哈哈哈哈哈哈哈哈哈哈哈哈哈哈哈哈哈哈哈哈哈哈哈哈哈哈哈哈哈哈哈哈哈哈哈哈哈哈哈哈哈哈哈哈哈哈哈哈哈哈哈哈哈哈哈哈哈哈哈哈哈哈哈哈哈哈哈哈哈哈哈哈哈哈哈哈哈哈哈哈哈哈哈哈哈哈哈哈哈哈哈哈哈哈哈哈哈哈哈哈哈哈哈哈哈哈哈哈哈哈哈哈哈哈哈哈哈哈哈哈哈哈哈哈哈哈哈哈哈哈哈哈哈哈哈哈哈', '哈哈哈哈哈哈哈哈哈哈哈哈哈哈哈哈哈哈哈哈哈哈哈哈哈哈哈哈哈哈哈哈哈哈哈哈哈哈哈哈哈哈哈哈哈哈哈哈哈哈哈哈哈哈哈哈哈哈哈哈哈哈哈哈哈哈哈哈哈哈哈哈哈哈哈哈哈哈哈哈哈哈哈哈哈哈哈哈哈哈哈哈哈哈哈哈哈哈哈哈哈哈哈哈哈哈哈哈哈哈哈哈哈哈哈哈哈哈哈哈哈哈哈哈哈哈哈哈哈哈哈哈哈哈哈哈哈哈哈哈哈哈哈哈哈哈哈哈哈哈哈哈哈哈哈哈哈哈哈哈哈哈哈哈哈哈哈哈哈哈哈哈哈哈哈哈哈哈哈哈哈哈哈哈哈哈哈哈哈哈哈哈哈哈哈哈哈哈哈哈哈哈哈哈哈哈哈哈哈哈哈哈哈哈哈哈哈哈哈哈哈哈哈哈哈哈哈哈哈哈哈哈哈哈哈哈哈哈哈哈哈哈哈哈哈哈哈哈哈哈哈哈哈哈哈哈哈哈哈哈哈哈哈哈哈哈哈哈哈哈哈哈哈哈哈哈哈哈哈哈哈哈哈哈哈哈哈哈哈哈哈哈哈哈哈哈哈哈哈哈哈哈哈哈哈哈哈哈哈哈哈哈哈哈哈哈哈哈哈哈哈哈哈哈哈哈哈哈哈哈哈哈哈哈哈哈哈哈哈哈哈哈哈哈哈哈哈哈哈哈哈哈哈哈哈哈哈哈哈哈哈哈哈哈哈哈哈哈哈哈哈哈哈哈哈哈哈哈哈哈哈哈哈哈哈哈哈哈哈哈哈哈哈哈哈哈哈哈哈哈哈哈哈哈哈哈哈哈哈哈哈哈哈哈哈哈哈哈哈哈哈哈哈哈哈哈哈哈哈哈哈哈哈哈哈哈哈哈哈哈哈哈哈哈哈哈哈哈哈哈哈哈哈哈哈哈哈哈哈哈哈哈哈哈哈哈哈哈哈哈哈哈哈哈哈哈哈哈哈哈哈哈哈哈哈哈哈哈哈哈哈哈哈哈哈哈哈哈哈哈哈哈哈哈哈哈哈哈哈哈哈哈哈哈哈哈哈哈哈哈哈哈哈哈哈哈哈哈哈哈哈哈哈哈哈哈哈哈哈哈哈哈哈哈哈哈哈哈哈哈哈哈哈哈哈哈哈哈哈哈哈哈哈哈哈哈哈哈哈哈哈哈哈哈哈哈哈哈哈哈哈哈哈哈哈哈哈哈哈哈哈哈哈哈哈哈哈哈哈哈哈哈哈哈哈哈哈哈哈哈哈哈哈哈哈哈哈哈哈哈哈哈哈哈哈哈哈哈哈哈哈哈哈哈哈哈哈哈哈哈哈哈哈哈哈哈哈哈哈哈哈哈哈哈哈哈哈哈哈哈哈哈哈哈哈哈哈哈哈哈哈哈哈哈哈哈哈哈哈哈哈哈哈哈哈哈哈哈哈哈哈哈哈哈哈哈哈哈哈哈哈哈哈哈哈哈哈哈哈哈哈哈哈哈哈哈哈哈哈哈哈哈哈哈哈哈哈哈哈哈哈哈哈哈哈哈哈哈哈哈哈哈哈哈哈哈哈哈哈哈哈哈哈哈哈哈哈哈哈哈哈哈哈哈哈哈哈哈哈哈哈哈哈哈哈哈哈哈哈哈哈哈哈哈哈哈哈哈哈哈哈哈哈哈哈哈哈哈哈哈哈哈哈哈哈哈哈哈哈哈哈哈哈哈哈哈哈哈哈哈哈哈哈哈哈哈哈哈哈哈哈哈哈哈哈哈哈哈哈哈哈哈哈哈哈哈哈哈哈哈哈哈哈哈哈哈哈哈哈哈哈哈哈哈哈哈哈哈哈哈哈哈哈哈哈哈哈哈哈哈', '2014-09-09 16:00:00', '2014-09-09 16:00:00');
INSERT INTO `article_article` VALUES ('30', '哈哈哈123123123', '2014-09-09 15:41:00', '哈哈哈哈哈哈哈哈哈哈哈哈哈哈哈哈哈哈哈哈哈哈哈哈哈哈哈哈哈哈哈哈哈哈哈哈哈哈哈哈哈哈哈哈哈哈哈哈哈哈哈哈哈哈哈哈哈哈哈哈哈哈哈哈哈哈哈哈哈哈哈哈哈哈哈哈哈哈哈哈哈哈哈哈哈哈哈哈哈哈哈哈哈哈哈哈哈哈哈哈哈哈哈哈哈哈哈哈哈哈哈哈哈哈哈哈哈哈哈哈哈哈哈哈哈哈哈哈哈哈哈哈哈哈哈哈哈哈哈哈哈哈哈哈哈哈哈哈哈哈哈哈哈哈哈哈哈哈哈哈哈哈哈哈哈哈哈哈哈哈哈哈哈哈哈哈哈哈哈哈哈哈哈哈哈哈哈哈哈哈哈哈哈哈哈哈哈哈哈哈哈哈哈哈哈哈哈哈哈哈哈哈哈哈哈哈哈哈哈哈哈哈哈哈哈哈哈哈哈哈哈哈哈哈哈哈哈哈哈哈哈哈哈哈哈哈哈哈哈哈哈哈哈哈哈哈哈哈哈哈哈哈哈哈哈哈哈哈哈哈哈哈哈哈哈哈哈哈哈哈哈哈哈哈哈哈哈哈哈哈哈哈哈哈哈哈哈哈哈哈哈哈哈哈哈哈哈哈哈哈哈哈哈哈哈哈哈哈哈哈哈哈哈哈哈哈哈哈哈哈哈哈哈哈哈哈哈哈哈哈哈哈哈哈哈哈哈哈哈哈哈哈哈哈哈哈哈哈哈哈哈哈哈哈哈哈哈哈哈哈哈哈哈哈哈哈哈哈哈哈哈哈哈哈哈哈哈哈哈哈哈哈哈哈哈哈哈哈哈哈哈哈哈哈哈哈哈哈哈哈哈哈哈哈哈哈哈哈哈哈哈哈哈哈哈哈哈哈哈哈哈哈哈哈哈哈哈哈哈哈哈哈哈哈哈哈哈哈哈哈哈哈哈哈哈哈哈哈哈哈哈哈哈哈哈哈哈哈哈哈哈哈哈哈哈哈哈哈哈哈哈哈哈哈哈哈哈哈哈哈哈哈哈哈哈哈哈哈哈哈哈哈哈哈哈哈哈哈哈哈哈哈哈哈哈哈哈哈哈哈哈哈哈哈哈哈哈哈哈哈哈哈哈哈哈哈哈哈哈哈哈哈哈哈哈哈哈哈哈哈哈哈哈哈哈哈哈哈哈哈哈哈哈哈哈哈哈哈哈哈哈哈哈哈哈哈哈哈哈哈哈哈哈哈哈哈哈哈哈哈哈哈哈哈哈哈哈哈哈哈哈哈哈哈哈哈哈哈哈哈哈哈哈哈哈哈哈哈哈哈哈哈哈哈哈哈哈哈哈哈哈哈哈哈哈哈哈哈哈哈哈哈哈哈哈哈哈哈哈哈哈哈哈哈哈哈哈哈哈哈哈哈哈哈哈哈哈哈哈哈哈哈哈哈哈哈哈哈哈哈哈哈哈哈哈哈哈哈哈哈哈哈哈哈哈哈哈哈哈哈哈哈哈哈哈哈哈哈哈哈哈哈哈哈哈哈哈哈哈哈哈哈哈哈哈哈哈哈哈哈哈哈哈哈哈哈哈哈哈哈哈哈哈哈哈哈哈哈哈哈哈哈哈哈哈哈哈哈哈哈哈哈哈哈哈哈哈哈哈哈哈哈哈哈哈哈哈哈哈哈哈哈哈哈哈哈哈哈哈哈哈哈哈哈哈哈哈哈哈哈哈哈哈哈哈哈哈哈哈哈哈哈哈哈哈哈哈哈哈哈哈哈哈哈哈哈哈哈哈哈哈哈哈哈哈哈哈哈哈哈哈哈哈哈哈哈哈哈哈哈哈哈哈哈哈哈哈哈哈哈哈哈哈哈哈哈哈哈哈哈哈哈哈哈哈哈哈哈哈哈', '哈哈哈哈哈哈哈哈哈哈哈哈哈哈哈哈哈哈哈哈哈哈哈哈哈哈哈哈哈哈哈哈哈哈哈哈哈哈哈哈哈哈哈哈哈哈哈哈哈哈哈哈哈哈哈哈哈哈哈哈哈哈哈哈哈哈哈哈哈哈哈哈哈哈哈哈哈哈哈哈哈哈哈哈哈哈哈哈哈哈哈哈哈哈哈哈哈哈哈哈哈哈哈哈哈哈哈哈哈哈哈哈哈哈哈哈哈哈哈哈哈哈哈哈哈哈哈哈哈哈哈哈哈哈哈哈哈哈哈哈哈哈哈哈哈哈哈哈哈哈哈哈哈哈哈哈哈哈哈哈哈哈哈哈哈哈哈哈哈哈哈哈哈哈哈哈哈哈哈哈哈哈哈哈哈哈哈哈哈哈哈哈哈哈哈哈哈哈哈哈哈哈哈哈哈哈哈哈哈哈哈哈哈哈哈哈哈哈哈哈哈哈哈哈哈哈哈哈哈哈哈哈哈哈哈哈哈哈哈哈哈哈哈哈哈哈哈哈哈哈哈哈哈哈哈哈哈哈哈哈哈哈哈哈哈哈哈哈哈哈哈哈哈哈哈哈哈哈哈哈哈哈哈哈哈哈哈哈哈哈哈哈哈哈哈哈哈哈哈哈哈哈哈哈哈哈哈哈哈哈哈哈哈哈哈哈哈哈哈哈哈哈哈哈哈哈哈哈哈哈哈哈哈哈哈哈哈哈哈哈哈哈哈哈哈哈哈哈哈哈哈哈哈哈哈哈哈哈哈哈哈哈哈哈哈哈哈哈哈哈哈哈哈哈哈哈哈哈哈哈哈哈哈哈哈哈哈哈哈哈哈哈哈哈哈哈哈哈哈哈哈哈哈哈哈哈哈哈哈哈哈哈哈哈哈哈哈哈哈哈哈哈哈哈哈哈哈哈哈哈哈哈哈哈哈哈哈哈哈哈哈哈哈哈哈哈哈哈哈哈哈哈哈哈哈哈哈哈哈哈哈哈哈哈哈哈哈哈哈哈哈哈哈哈哈哈哈哈哈哈哈哈哈哈哈哈哈哈哈哈哈哈哈哈哈哈哈哈哈哈哈哈哈哈哈哈哈哈哈哈哈哈哈哈哈哈哈哈哈哈哈哈哈哈哈哈哈哈哈哈哈哈哈哈哈哈哈哈哈哈哈哈哈哈哈哈哈哈哈哈哈哈哈哈哈哈哈哈哈哈哈哈哈哈哈哈哈哈哈哈哈哈哈哈哈哈哈哈哈哈哈哈哈哈哈哈哈哈哈哈哈哈哈哈哈哈哈哈哈哈哈哈哈哈哈哈哈哈哈哈哈哈哈哈哈哈哈哈哈哈哈哈哈哈哈哈哈哈哈哈哈哈哈哈哈哈哈哈哈哈哈哈哈哈哈哈哈哈哈哈哈哈哈哈哈哈哈哈哈哈哈哈哈哈哈哈哈哈哈哈哈哈哈哈哈哈哈哈哈哈哈哈哈哈哈哈哈哈哈哈哈哈哈哈哈哈哈哈哈哈哈哈哈哈哈哈哈哈哈哈哈哈哈哈哈哈哈哈哈哈哈哈哈哈哈哈哈哈哈哈哈哈哈哈哈哈哈哈哈哈哈哈哈哈哈哈哈哈哈哈哈哈哈哈哈哈哈哈哈哈哈哈哈哈哈哈哈哈哈哈哈哈哈哈哈哈哈哈哈哈哈哈哈哈哈哈哈哈哈哈哈哈哈哈哈哈哈哈哈哈哈哈哈哈哈哈哈哈哈哈哈哈哈哈哈哈哈哈哈哈哈哈哈哈哈哈哈哈哈哈哈哈哈哈哈哈哈哈哈哈哈哈哈哈哈哈哈哈哈哈哈哈哈哈哈哈哈哈哈哈哈哈哈哈哈哈哈哈哈哈哈哈哈哈哈哈哈哈哈哈', '2014-09-09 16:00:00', '2014-09-09 16:00:00');
INSERT INTO `article_article` VALUES ('31', '哈哈哈55555', '2014-09-10 12:35:46', '哈哈哈哈哈哈哈哈哈哈哈哈哈哈哈哈哈哈哈哈哈哈哈哈哈哈哈哈哈哈哈哈哈哈哈哈哈哈哈哈哈哈哈哈哈哈哈哈哈哈哈哈哈哈哈哈哈哈哈哈哈哈哈哈哈哈哈哈哈哈哈哈哈哈哈哈哈哈哈哈哈哈哈哈哈哈哈哈哈哈哈哈哈哈哈哈哈哈哈哈哈哈哈哈哈哈哈哈哈哈哈哈哈哈哈哈哈哈哈哈哈哈哈哈哈哈哈哈哈哈哈哈哈哈哈哈哈哈哈哈哈哈哈哈哈哈哈哈哈哈哈哈哈哈哈哈哈哈哈哈哈哈哈哈哈哈哈哈哈哈哈哈哈哈哈哈哈哈哈哈哈哈哈哈哈哈哈哈哈哈哈哈哈哈哈哈哈哈哈哈哈哈哈哈哈哈哈哈哈哈哈哈哈哈哈哈哈哈哈哈哈哈哈哈哈哈哈哈哈哈哈哈哈哈哈哈哈哈哈哈哈哈哈哈哈哈哈哈哈哈哈哈哈哈哈哈哈哈哈哈哈哈哈哈哈哈哈哈哈哈哈哈哈哈哈哈哈哈哈哈哈哈哈哈哈哈哈哈哈哈哈哈哈哈哈哈哈哈哈哈哈哈哈哈哈哈哈哈哈哈哈哈哈哈哈哈哈哈哈哈哈哈哈哈哈哈哈哈哈哈哈哈哈哈哈哈哈哈哈哈哈哈哈哈哈哈哈哈哈哈哈哈哈哈哈哈哈哈哈哈哈哈哈哈哈哈哈哈哈哈哈哈哈哈哈哈哈哈哈哈哈哈哈哈哈哈哈哈哈哈哈哈哈哈哈哈哈哈哈哈哈哈哈哈哈哈哈哈哈哈哈哈哈哈哈哈哈哈哈哈哈哈哈哈哈哈哈哈哈哈哈哈哈哈哈哈哈哈哈哈哈哈哈哈哈哈哈哈哈哈哈哈哈哈哈哈哈哈哈哈哈哈哈哈哈哈哈哈哈哈哈哈哈哈哈哈哈哈哈哈哈哈哈哈哈哈哈哈哈哈哈哈哈哈哈哈哈哈哈哈哈哈哈哈哈哈哈哈哈哈哈哈哈哈哈哈哈哈哈哈哈哈哈哈哈哈哈哈哈哈哈哈哈哈哈哈哈哈哈哈哈哈哈哈哈哈哈哈哈哈哈哈哈哈哈哈哈哈哈哈哈哈哈哈哈哈哈哈哈哈哈哈哈哈哈哈哈哈哈哈哈哈哈哈哈哈哈哈哈哈哈哈哈哈哈哈哈哈哈哈哈哈哈哈哈哈哈哈哈哈哈哈哈哈哈哈哈哈哈哈哈哈哈哈哈哈哈哈哈哈哈哈哈哈哈哈哈哈哈哈哈哈哈哈哈哈哈哈哈哈哈哈哈哈哈哈哈哈哈哈哈哈哈哈哈哈哈哈哈哈哈哈哈哈哈哈哈哈哈哈哈哈哈哈哈哈哈哈哈哈哈哈哈哈哈哈哈哈哈哈哈哈哈哈哈哈哈哈哈哈哈哈哈哈哈哈哈哈哈哈哈哈哈哈哈哈哈哈哈哈哈哈哈哈哈哈哈哈哈哈哈哈哈哈哈哈哈哈哈哈哈哈哈哈哈哈哈哈哈哈哈哈哈哈哈哈哈哈哈哈哈哈哈哈哈哈哈哈哈哈哈哈哈哈哈哈哈哈哈哈哈哈哈哈哈哈哈哈哈哈哈哈哈哈哈哈哈哈哈哈哈哈哈哈哈哈哈哈哈哈哈哈哈哈哈哈哈哈哈哈哈哈哈哈哈哈哈哈哈哈哈哈哈哈哈哈哈哈哈哈哈哈哈哈哈哈哈哈哈哈哈哈哈哈哈哈哈哈哈哈哈哈哈哈哈哈哈哈哈哈', '哈哈哈哈哈哈哈哈哈哈哈哈哈哈哈哈哈哈哈哈哈哈哈哈哈哈哈哈哈哈哈哈哈哈哈哈哈哈哈哈哈哈哈哈哈哈哈哈哈哈哈哈哈哈哈哈哈哈哈哈哈哈哈哈哈哈哈哈哈哈哈哈哈哈哈哈哈哈哈哈哈哈哈哈哈哈哈哈哈哈哈哈哈哈哈哈哈哈哈哈哈哈哈哈哈哈哈哈哈哈哈哈哈哈哈哈哈哈哈哈哈哈哈哈哈哈哈哈哈哈哈哈哈哈哈哈哈哈哈哈哈哈哈哈哈哈哈哈哈哈哈哈哈哈哈哈哈哈哈哈哈哈哈哈哈哈哈哈哈哈哈哈哈哈哈哈哈哈哈哈哈哈哈哈哈哈哈哈哈哈哈哈哈哈哈哈哈哈哈哈哈哈哈哈哈哈哈哈哈哈哈哈哈哈哈哈哈哈哈哈哈哈哈哈哈哈哈哈哈哈哈哈哈哈哈哈哈哈哈哈哈哈哈哈哈哈哈哈哈哈哈哈哈哈哈哈哈哈哈哈哈哈哈哈哈哈哈哈哈哈哈哈哈哈哈哈哈哈哈哈哈哈哈哈哈哈哈哈哈哈哈哈哈哈哈哈哈哈哈哈哈哈哈哈哈哈哈哈哈哈哈哈哈哈哈哈哈哈哈哈哈哈哈哈哈哈哈哈哈哈哈哈哈哈哈哈哈哈哈哈哈哈哈哈哈哈哈哈哈哈哈哈哈哈哈哈哈哈哈哈哈哈哈哈哈哈哈哈哈哈哈哈哈哈哈哈哈哈哈哈哈哈哈哈哈哈哈哈哈哈哈哈哈哈哈哈哈哈哈哈哈哈哈哈哈哈哈哈哈哈哈哈哈哈哈哈哈哈哈哈哈哈哈哈哈哈哈哈哈哈哈哈哈哈哈哈哈哈哈哈哈哈哈哈哈哈哈哈哈哈哈哈哈哈哈哈哈哈哈哈哈哈哈哈哈哈哈哈哈哈哈哈哈哈哈哈哈哈哈哈哈哈哈哈哈哈哈哈哈哈哈哈哈哈哈哈哈哈哈哈哈哈哈哈哈哈哈哈哈哈哈哈哈哈哈哈哈哈哈哈哈哈哈哈哈哈哈哈哈哈哈哈哈哈哈哈哈哈哈哈哈哈哈哈哈哈哈哈哈哈哈哈哈哈哈哈哈哈哈哈哈哈哈哈哈哈哈哈哈哈哈哈哈哈哈哈哈哈哈哈哈哈哈哈哈哈哈哈哈哈哈哈哈哈哈哈哈哈哈哈哈哈哈哈哈哈哈哈哈哈哈哈哈哈哈哈哈哈哈哈哈哈哈哈哈哈哈哈哈哈哈哈哈哈哈哈哈哈哈哈哈哈哈哈哈哈哈哈哈哈哈哈哈哈哈哈哈哈哈哈哈哈哈哈哈哈哈哈哈哈哈哈哈哈哈哈哈哈哈哈哈哈哈哈哈哈哈哈哈哈哈哈哈哈哈哈哈哈哈哈哈哈哈哈哈哈哈哈哈哈哈哈哈哈哈哈哈哈哈哈哈哈哈哈哈哈哈哈哈哈哈哈哈哈哈哈哈哈哈哈哈哈哈哈哈哈哈哈哈哈哈哈哈哈哈哈哈哈哈哈哈哈哈哈哈哈哈哈哈哈哈哈哈哈哈哈哈哈哈哈哈哈哈哈哈哈哈哈哈哈哈哈哈哈哈哈哈哈哈哈哈哈哈哈哈哈哈哈哈哈哈哈哈哈哈哈哈哈哈哈哈哈哈哈哈哈哈哈哈哈哈哈哈哈哈哈哈哈哈哈哈哈哈哈哈哈哈哈哈哈哈哈哈哈哈哈哈哈哈哈哈哈哈哈哈哈哈哈哈哈哈哈哈哈哈哈哈哈哈哈', '2014-09-09 16:00:00', '2014-09-09 16:00:00');
INSERT INTO `article_article` VALUES ('32', '博客的分页管理123', '2014-09-10 12:35:36', '考虑到之后随着博文数量的不断增加，页面也会不断被拉长，所以设计一个合理的分页管理功能还是很有必要的。\n\n###后台设计\n\n参考自Django的[Pagination][1]。\n\n>Pagination主要的功能就是将一个数组或者是Django中的QuerySet进行封装，增加有关分页的一些属性，用于前台的显示。\n\n下面是一段对QuerySet进行分页的代码：\n\n```\ndef paginate_articles(self, all_articles, page_number):\n		paginator = Paginator(all_articles, 5)\n\n		try:\n			articles = paginator.page(page_number)\n		except PageNotAnInteger:\n			articles = paginator.page(1)\n		except EmptyPage:\n			articles = paginator.page(paginator.num_pages)\n		if not page_number:\n			articles.page_number = 1\n		else:\n			articles.page_number = int(page_number)\n		return articles\n```\n这里主要注意的就是Paginator这个类，将需要分页的QuerySet和每页需要显示的对象数量作为参数传入，生成paginator。在一系列的try...catch之后，生成指定页的articles，最后对page_number进行处理，返回对象。\n\n###前台模板\n```\n<div class=\"pagination row\">\n	    <ul class=\"pagination\">\n	    	{% if articles.has_previous %}\n	            <li><a href=\"?page={{ articles.previous_page_number }}\"><span>&laquo;</span></a></li>\n	        {% else %}\n			    <li class=\'disabled\'><span>&laquo;</span></li>\n	        {% endif %}\n		    {% for page in articles.paginator.page_range %}\n				{% if articles.page_number == page %}\n					<li class=\"active\"><span>{{ page }}</span></li>\n				{% else %}\n					<li><a href=\"?page={{ page }}\">{{ page }}</a></li>\n				{% endif %}\n		    {% endfor %}\n		    {% if articles.has_next %}\n	            <li><a href=\"?page={{ articles.next_page_number }}\"><span>»</span></a></li>\n	        {% else %}\n			    <li class=\'disabled\'><span>»</span></li>\n	        {% endif %}\n		</ul>\n	</div>\n```\n这里要说一下Pagination的api。\n```\n>>> articles.has_previous # 是否有前页\n>>> articles.has_next\n>>> articles.previous_page_number # 前页的页码\n>>> articles.paginator.page_range # 主要是这项，获得所有的页码，以数组的形式表示，例如：[1, 2, 3]\n```\n由于Django官方给出的是next和previous形式的示例，而我想要更加直观的给出页数，可以让用户选点，所以稍微做了点改动。\n\n样式使用的是bootstrap的[pagination][2]组件。是基于ul，li的一套列表，只要添加上合适的class，就可以做出精美的样式。\n\n最后做出的效果就是下面这样啦。\n![图片示例](http://zydmayday-img.stor.sinaapp.com/%E5%AF%BC%E8%88%AA%E6%A0%8F%E7%A4%BA%E4%BE%8B.jpg)\n\n\n###改进与总结\n至此，我已经完成了基本的分页功能，而且在短时间内看起来是够用了，毕竟我的博文数量有限，不过考虑到未来可能增加到几十几百的话，按照现在的分页方式来看，这个分页栏就会非常的冗长。\n\n因此，我们可以增加一个首页，末页的按钮，并根据当前页码显示之前的5页和之后的5页，以此来增强分页功能。\n\n总的来说，目前的分页功能对于我来说还是足够用的，现在要做的就是多写点博文，继续完善博客的功能。\n\n\n[1]:https://docs.djangoproject.com/en/dev/topics/pagination/\n[2]:http://v3.bootcss.com/components/#pagination', '<p>考虑到之后随着博文数量的不断增加，页面也会不断被拉长，所以设计一个合理的分页管理功能还是很有必要的。</p>\n\n\n\n<h3 id=\"后台设计\">后台设计</h3>\n\n<p>参考自Django的<a href=\"https://docs.djangoproject.com/en/dev/topics/pagination/\">Pagination</a>。</p>\n\n<blockquote>\n  <p>Pagination主要的功能就是将一个数组或者是Django中的QuerySet进行封装，增加有关分页的一些属性，用于前台的显示。</p>\n</blockquote>\n\n<p>下面是一段对QuerySet进行分页的代码：</p>\n\n\n\n<pre class=\"prettyprint\"><code class=\" hljs python\"><span class=\"hljs-function\"><span class=\"hljs-keyword\">def</span> <span class=\"hljs-title\">paginate_articles</span><span class=\"hljs-params\">(self, all_articles, page_number)</span>:</span>\n        paginator = Paginator(all_articles, <span class=\"hljs-number\">5</span>)\n\n        <span class=\"hljs-keyword\">try</span>:\n            articles = paginator.page(page_number)\n        <span class=\"hljs-keyword\">except</span> PageNotAnInteger:\n            articles = paginator.page(<span class=\"hljs-number\">1</span>)\n        <span class=\"hljs-keyword\">except</span> EmptyPage:\n            articles = paginator.page(paginator.num_pages)\n        <span class=\"hljs-keyword\">if</span> <span class=\"hljs-keyword\">not</span> page_number:\n            articles.page_number = <span class=\"hljs-number\">1</span>\n        <span class=\"hljs-keyword\">else</span>:\n            articles.page_number = int(page_number)\n        <span class=\"hljs-keyword\">return</span> articles</code></pre>\n\n<p>这里主要注意的就是Paginator这个类，将需要分页的QuerySet和每页需要显示的对象数量作为参数传入，生成paginator。在一系列的try…catch之后，生成指定页的articles，最后对page_number进行处理，返回对象。</p>\n\n\n\n<h3 id=\"前台模板\">前台模板</h3>\n\n\n\n<pre class=\"prettyprint\"><code class=\" hljs django\"><span class=\"xml\"><span class=\"hljs-tag\">&lt;<span class=\"hljs-title\">div</span> <span class=\"hljs-attribute\">class</span>=<span class=\"hljs-value\">\"pagination row\"</span>&gt;</span>\n        <span class=\"hljs-tag\">&lt;<span class=\"hljs-title\">ul</span> <span class=\"hljs-attribute\">class</span>=<span class=\"hljs-value\">\"pagination\"</span>&gt;</span>\n            </span><span class=\"hljs-template_tag\">{% <span class=\"hljs-keyword\">if</span> articles.has_previous %}</span><span class=\"xml\">\n                <span class=\"hljs-tag\">&lt;<span class=\"hljs-title\">li</span>&gt;</span><span class=\"hljs-tag\">&lt;<span class=\"hljs-title\">a</span> <span class=\"hljs-attribute\">href</span>=<span class=\"hljs-value\">\"?page=</span></span></span><span class=\"hljs-variable\">{{ articles.previous_page_number }}</span><span class=\"xml\"><span class=\"hljs-tag\"><span class=\"hljs-value\">\"</span>&gt;</span><span class=\"hljs-tag\">&lt;<span class=\"hljs-title\">span</span>&gt;</span>&amp;laquo;<span class=\"hljs-tag\">&lt;/<span class=\"hljs-title\">span</span>&gt;</span><span class=\"hljs-tag\">&lt;/<span class=\"hljs-title\">a</span>&gt;</span><span class=\"hljs-tag\">&lt;/<span class=\"hljs-title\">li</span>&gt;</span>\n            </span><span class=\"hljs-template_tag\">{% <span class=\"hljs-keyword\">else</span> %}</span><span class=\"xml\">\n                <span class=\"hljs-tag\">&lt;<span class=\"hljs-title\">li</span> <span class=\"hljs-attribute\">class</span>=<span class=\"hljs-value\">\'disabled\'</span>&gt;</span><span class=\"hljs-tag\">&lt;<span class=\"hljs-title\">span</span>&gt;</span>&amp;laquo;<span class=\"hljs-tag\">&lt;/<span class=\"hljs-title\">span</span>&gt;</span><span class=\"hljs-tag\">&lt;/<span class=\"hljs-title\">li</span>&gt;</span>\n            </span><span class=\"hljs-template_tag\">{% <span class=\"hljs-keyword\">endif</span> %}</span><span class=\"xml\">\n            </span><span class=\"hljs-template_tag\">{% <span class=\"hljs-keyword\">for</span> page <span class=\"hljs-keyword\">in</span> articles.paginator.page_range %}</span><span class=\"xml\">\n                </span><span class=\"hljs-template_tag\">{% <span class=\"hljs-keyword\">if</span> articles.page_number == page %}</span><span class=\"xml\">\n                    <span class=\"hljs-tag\">&lt;<span class=\"hljs-title\">li</span> <span class=\"hljs-attribute\">class</span>=<span class=\"hljs-value\">\"active\"</span>&gt;</span><span class=\"hljs-tag\">&lt;<span class=\"hljs-title\">span</span>&gt;</span></span><span class=\"hljs-variable\">{{ page }}</span><span class=\"xml\"><span class=\"hljs-tag\">&lt;/<span class=\"hljs-title\">span</span>&gt;</span><span class=\"hljs-tag\">&lt;/<span class=\"hljs-title\">li</span>&gt;</span>\n                </span><span class=\"hljs-template_tag\">{% <span class=\"hljs-keyword\">else</span> %}</span><span class=\"xml\">\n                    <span class=\"hljs-tag\">&lt;<span class=\"hljs-title\">li</span>&gt;</span><span class=\"hljs-tag\">&lt;<span class=\"hljs-title\">a</span> <span class=\"hljs-attribute\">href</span>=<span class=\"hljs-value\">\"?page=</span></span></span><span class=\"hljs-variable\">{{ page }}</span><span class=\"xml\"><span class=\"hljs-tag\"><span class=\"hljs-value\">\"</span>&gt;</span></span><span class=\"hljs-variable\">{{ page }}</span><span class=\"xml\"><span class=\"hljs-tag\">&lt;/<span class=\"hljs-title\">a</span>&gt;</span><span class=\"hljs-tag\">&lt;/<span class=\"hljs-title\">li</span>&gt;</span>\n                </span><span class=\"hljs-template_tag\">{% <span class=\"hljs-keyword\">endif</span> %}</span><span class=\"xml\">\n            </span><span class=\"hljs-template_tag\">{% <span class=\"hljs-keyword\">endfor</span> %}</span><span class=\"xml\">\n            </span><span class=\"hljs-template_tag\">{% <span class=\"hljs-keyword\">if</span> articles.has_next %}</span><span class=\"xml\">\n                <span class=\"hljs-tag\">&lt;<span class=\"hljs-title\">li</span>&gt;</span><span class=\"hljs-tag\">&lt;<span class=\"hljs-title\">a</span> <span class=\"hljs-attribute\">href</span>=<span class=\"hljs-value\">\"?page=</span></span></span><span class=\"hljs-variable\">{{ articles.next_page_number }}</span><span class=\"xml\"><span class=\"hljs-tag\"><span class=\"hljs-value\">\"</span>&gt;</span><span class=\"hljs-tag\">&lt;<span class=\"hljs-title\">span</span>&gt;</span>»<span class=\"hljs-tag\">&lt;/<span class=\"hljs-title\">span</span>&gt;</span><span class=\"hljs-tag\">&lt;/<span class=\"hljs-title\">a</span>&gt;</span><span class=\"hljs-tag\">&lt;/<span class=\"hljs-title\">li</span>&gt;</span>\n            </span><span class=\"hljs-template_tag\">{% <span class=\"hljs-keyword\">else</span> %}</span><span class=\"xml\">\n                <span class=\"hljs-tag\">&lt;<span class=\"hljs-title\">li</span> <span class=\"hljs-attribute\">class</span>=<span class=\"hljs-value\">\'disabled\'</span>&gt;</span><span class=\"hljs-tag\">&lt;<span class=\"hljs-title\">span</span>&gt;</span>»<span class=\"hljs-tag\">&lt;/<span class=\"hljs-title\">span</span>&gt;</span><span class=\"hljs-tag\">&lt;/<span class=\"hljs-title\">li</span>&gt;</span>\n            </span><span class=\"hljs-template_tag\">{% <span class=\"hljs-keyword\">endif</span> %}</span><span class=\"xml\">\n        <span class=\"hljs-tag\">&lt;/<span class=\"hljs-title\">ul</span>&gt;</span>\n    <span class=\"hljs-tag\">&lt;/<span class=\"hljs-title\">div</span>&gt;</span></span></code></pre>\n\n<p>这里要说一下Pagination的api。</p>\n\n\n\n<pre class=\"prettyprint\"><code class=\" hljs avrasm\">&gt;&gt;&gt; articles<span class=\"hljs-preprocessor\">.has</span>_previous <span class=\"hljs-preprocessor\"># 是否有前页</span>\n&gt;&gt;&gt; articles<span class=\"hljs-preprocessor\">.has</span>_next\n&gt;&gt;&gt; articles<span class=\"hljs-preprocessor\">.previous</span>_page_number <span class=\"hljs-preprocessor\"># 前页的页码</span>\n&gt;&gt;&gt; articles<span class=\"hljs-preprocessor\">.paginator</span><span class=\"hljs-preprocessor\">.page</span>_range <span class=\"hljs-preprocessor\"># 主要是这项，获得所有的页码，以数组的形式表示，例如：[1, 2, 3]</span></code></pre>\n\n<p>由于Django官方给出的是next和previous形式的示例，而我想要更加直观的给出页数，可以让用户选点，所以稍微做了点改动。</p>\n\n<p>样式使用的是bootstrap的<a href=\"http://v3.bootcss.com/components/#pagination\">pagination</a>组件。是基于ul，li的一套列表，只要添加上合适的class，就可以做出精美的样式。</p>\n\n<p>最后做出的效果就是下面这样啦。 <br>\n<img src=\"http://zydmayday-img.stor.sinaapp.com/%E5%AF%BC%E8%88%AA%E6%A0%8F%E7%A4%BA%E4%BE%8B.jpg\" alt=\"图片示例\" title=\"\"></p>\n\n\n\n<h3 id=\"改进与总结\">改进与总结</h3>\n\n<p>至此，我已经完成了基本的分页功能，而且在短时间内看起来是够用了，毕竟我的博文数量有限，不过考虑到未来可能增加到几十几百的话，按照现在的分页方式来看，这个分页栏就会非常的冗长。</p>\n\n<p>因此，我们可以增加一个首页，末页的按钮，并根据当前页码显示之前的5页和之后的5页，以此来增强分页功能。</p>\n\n<p>总的来说，目前的分页功能对于我来说还是足够用的，现在要做的就是多写点博文，继续完善博客的功能。</p>', '2014-09-09 16:00:00', '2014-09-09 16:00:00');

-- ----------------------------
-- Table structure for `article_label`
-- ----------------------------
DROP TABLE IF EXISTS `article_label`;
CREATE TABLE `article_label` (
  `id` int(11) NOT NULL AUTO_INCREMENT,
  `name` varchar(100) NOT NULL,
  `number_is_used` int(11) NOT NULL,
  PRIMARY KEY (`id`)
) ENGINE=InnoDB AUTO_INCREMENT=24 DEFAULT CHARSET=utf8;

-- ----------------------------
-- Records of article_label
-- ----------------------------
INSERT INTO `article_label` VALUES ('15', 'Django', '1');
INSERT INTO `article_label` VALUES ('16', '编程', '1');
INSERT INTO `article_label` VALUES ('17', 'label1', '1');
INSERT INTO `article_label` VALUES ('18', 'label2', '1');
INSERT INTO `article_label` VALUES ('19', 'label3', '1');
INSERT INTO `article_label` VALUES ('20', 'label4', '1');
INSERT INTO `article_label` VALUES ('21', 'label5', '1');
INSERT INTO `article_label` VALUES ('22', '分页', '1');
INSERT INTO `article_label` VALUES ('23', 'Bootstrap', '1');

-- ----------------------------
-- Table structure for `article_labelsinarticle`
-- ----------------------------
DROP TABLE IF EXISTS `article_labelsinarticle`;
CREATE TABLE `article_labelsinarticle` (
  `id` int(11) NOT NULL AUTO_INCREMENT,
  `article_id` int(11) NOT NULL,
  `label_id` int(11) NOT NULL,
  `date_joined` date NOT NULL,
  PRIMARY KEY (`id`),
  KEY `article_labelsinarticle_e669cc35` (`article_id`),
  KEY `article_labelsinarticle_e05256b6` (`label_id`),
  CONSTRAINT `article_id_refs_id_eee07f54` FOREIGN KEY (`article_id`) REFERENCES `article_article` (`id`),
  CONSTRAINT `label_id_refs_id_bcc12d15` FOREIGN KEY (`label_id`) REFERENCES `article_label` (`id`)
) ENGINE=InnoDB AUTO_INCREMENT=92 DEFAULT CHARSET=utf8;

-- ----------------------------
-- Records of article_labelsinarticle
-- ----------------------------
INSERT INTO `article_labelsinarticle` VALUES ('33', '17', '15', '2014-09-09');
INSERT INTO `article_labelsinarticle` VALUES ('34', '17', '16', '2014-09-09');
INSERT INTO `article_labelsinarticle` VALUES ('35', '18', '15', '2014-09-09');
INSERT INTO `article_labelsinarticle` VALUES ('36', '18', '17', '2014-09-09');
INSERT INTO `article_labelsinarticle` VALUES ('37', '18', '19', '2014-09-09');
INSERT INTO `article_labelsinarticle` VALUES ('38', '19', '15', '2014-09-09');
INSERT INTO `article_labelsinarticle` VALUES ('39', '19', '17', '2014-09-09');
INSERT INTO `article_labelsinarticle` VALUES ('40', '20', '16', '2014-09-09');
INSERT INTO `article_labelsinarticle` VALUES ('41', '20', '17', '2014-09-09');
INSERT INTO `article_labelsinarticle` VALUES ('42', '20', '19', '2014-09-09');
INSERT INTO `article_labelsinarticle` VALUES ('43', '21', '17', '2014-09-09');
INSERT INTO `article_labelsinarticle` VALUES ('44', '21', '20', '2014-09-09');
INSERT INTO `article_labelsinarticle` VALUES ('45', '22', '16', '2014-09-09');
INSERT INTO `article_labelsinarticle` VALUES ('46', '22', '17', '2014-09-09');
INSERT INTO `article_labelsinarticle` VALUES ('47', '22', '18', '2014-09-09');
INSERT INTO `article_labelsinarticle` VALUES ('48', '23', '15', '2014-09-09');
INSERT INTO `article_labelsinarticle` VALUES ('49', '23', '18', '2014-09-09');
INSERT INTO `article_labelsinarticle` VALUES ('50', '23', '19', '2014-09-09');
INSERT INTO `article_labelsinarticle` VALUES ('51', '24', '17', '2014-09-09');
INSERT INTO `article_labelsinarticle` VALUES ('52', '24', '21', '2014-09-09');
INSERT INTO `article_labelsinarticle` VALUES ('53', '25', '15', '2014-09-09');
INSERT INTO `article_labelsinarticle` VALUES ('54', '25', '18', '2014-09-09');
INSERT INTO `article_labelsinarticle` VALUES ('55', '25', '21', '2014-09-09');
INSERT INTO `article_labelsinarticle` VALUES ('56', '26', '17', '2014-09-09');
INSERT INTO `article_labelsinarticle` VALUES ('57', '26', '20', '2014-09-09');
INSERT INTO `article_labelsinarticle` VALUES ('58', '27', '15', '2014-09-09');
INSERT INTO `article_labelsinarticle` VALUES ('59', '27', '18', '2014-09-09');
INSERT INTO `article_labelsinarticle` VALUES ('60', '27', '21', '2014-09-09');
INSERT INTO `article_labelsinarticle` VALUES ('65', '29', '17', '2014-09-09');
INSERT INTO `article_labelsinarticle` VALUES ('66', '30', '17', '2014-09-09');
INSERT INTO `article_labelsinarticle` VALUES ('67', '30', '18', '2014-09-09');
INSERT INTO `article_labelsinarticle` VALUES ('68', '31', '15', '2014-09-09');
INSERT INTO `article_labelsinarticle` VALUES ('69', '31', '16', '2014-09-09');
INSERT INTO `article_labelsinarticle` VALUES ('70', '32', '15', '2014-09-09');
INSERT INTO `article_labelsinarticle` VALUES ('71', '32', '16', '2014-09-09');
INSERT INTO `article_labelsinarticle` VALUES ('72', '32', '22', '2014-09-09');
INSERT INTO `article_labelsinarticle` VALUES ('73', '32', '23', '2014-09-09');
INSERT INTO `article_labelsinarticle` VALUES ('88', '28', '15', '2014-09-09');
INSERT INTO `article_labelsinarticle` VALUES ('89', '28', '16', '2014-09-09');
INSERT INTO `article_labelsinarticle` VALUES ('90', '28', '22', '2014-09-09');
INSERT INTO `article_labelsinarticle` VALUES ('91', '28', '23', '2014-09-09');

-- ----------------------------
-- Table structure for `auth_group`
-- ----------------------------
DROP TABLE IF EXISTS `auth_group`;
CREATE TABLE `auth_group` (
  `id` int(11) NOT NULL AUTO_INCREMENT,
  `name` varchar(80) NOT NULL,
  PRIMARY KEY (`id`),
  UNIQUE KEY `name` (`name`)
) ENGINE=InnoDB DEFAULT CHARSET=utf8;

-- ----------------------------
-- Records of auth_group
-- ----------------------------

-- ----------------------------
-- Table structure for `auth_group_permissions`
-- ----------------------------
DROP TABLE IF EXISTS `auth_group_permissions`;
CREATE TABLE `auth_group_permissions` (
  `id` int(11) NOT NULL AUTO_INCREMENT,
  `group_id` int(11) NOT NULL,
  `permission_id` int(11) NOT NULL,
  PRIMARY KEY (`id`),
  UNIQUE KEY `group_id` (`group_id`,`permission_id`),
  KEY `auth_group_permissions_5f412f9a` (`group_id`),
  KEY `auth_group_permissions_83d7f98b` (`permission_id`),
  CONSTRAINT `group_id_refs_id_f4b32aac` FOREIGN KEY (`group_id`) REFERENCES `auth_group` (`id`),
  CONSTRAINT `permission_id_refs_id_6ba0f519` FOREIGN KEY (`permission_id`) REFERENCES `auth_permission` (`id`)
) ENGINE=InnoDB DEFAULT CHARSET=utf8;

-- ----------------------------
-- Records of auth_group_permissions
-- ----------------------------

-- ----------------------------
-- Table structure for `auth_permission`
-- ----------------------------
DROP TABLE IF EXISTS `auth_permission`;
CREATE TABLE `auth_permission` (
  `id` int(11) NOT NULL AUTO_INCREMENT,
  `name` varchar(50) NOT NULL,
  `content_type_id` int(11) NOT NULL,
  `codename` varchar(100) NOT NULL,
  PRIMARY KEY (`id`),
  UNIQUE KEY `content_type_id` (`content_type_id`,`codename`),
  KEY `auth_permission_37ef4eb4` (`content_type_id`),
  CONSTRAINT `content_type_id_refs_id_d043b34a` FOREIGN KEY (`content_type_id`) REFERENCES `django_content_type` (`id`)
) ENGINE=InnoDB AUTO_INCREMENT=43 DEFAULT CHARSET=utf8;

-- ----------------------------
-- Records of auth_permission
-- ----------------------------
INSERT INTO `auth_permission` VALUES ('1', 'Can add log entry', '1', 'add_logentry');
INSERT INTO `auth_permission` VALUES ('2', 'Can change log entry', '1', 'change_logentry');
INSERT INTO `auth_permission` VALUES ('3', 'Can delete log entry', '1', 'delete_logentry');
INSERT INTO `auth_permission` VALUES ('4', 'Can add permission', '2', 'add_permission');
INSERT INTO `auth_permission` VALUES ('5', 'Can change permission', '2', 'change_permission');
INSERT INTO `auth_permission` VALUES ('6', 'Can delete permission', '2', 'delete_permission');
INSERT INTO `auth_permission` VALUES ('7', 'Can add group', '3', 'add_group');
INSERT INTO `auth_permission` VALUES ('8', 'Can change group', '3', 'change_group');
INSERT INTO `auth_permission` VALUES ('9', 'Can delete group', '3', 'delete_group');
INSERT INTO `auth_permission` VALUES ('10', 'Can add user', '4', 'add_user');
INSERT INTO `auth_permission` VALUES ('11', 'Can change user', '4', 'change_user');
INSERT INTO `auth_permission` VALUES ('12', 'Can delete user', '4', 'delete_user');
INSERT INTO `auth_permission` VALUES ('13', 'Can add content type', '5', 'add_contenttype');
INSERT INTO `auth_permission` VALUES ('14', 'Can change content type', '5', 'change_contenttype');
INSERT INTO `auth_permission` VALUES ('15', 'Can delete content type', '5', 'delete_contenttype');
INSERT INTO `auth_permission` VALUES ('16', 'Can add session', '6', 'add_session');
INSERT INTO `auth_permission` VALUES ('17', 'Can change session', '6', 'change_session');
INSERT INTO `auth_permission` VALUES ('18', 'Can delete session', '6', 'delete_session');
INSERT INTO `auth_permission` VALUES ('19', 'Can add migration history', '7', 'add_migrationhistory');
INSERT INTO `auth_permission` VALUES ('20', 'Can change migration history', '7', 'change_migrationhistory');
INSERT INTO `auth_permission` VALUES ('21', 'Can delete migration history', '7', 'delete_migrationhistory');
INSERT INTO `auth_permission` VALUES ('22', 'Can add label', '8', 'add_label');
INSERT INTO `auth_permission` VALUES ('23', 'Can change label', '8', 'change_label');
INSERT INTO `auth_permission` VALUES ('24', 'Can delete label', '8', 'delete_label');
INSERT INTO `auth_permission` VALUES ('25', 'Can add article', '9', 'add_article');
INSERT INTO `auth_permission` VALUES ('26', 'Can change article', '9', 'change_article');
INSERT INTO `auth_permission` VALUES ('27', 'Can delete article', '9', 'delete_article');
INSERT INTO `auth_permission` VALUES ('28', 'Can add labels in article', '10', 'add_labelsinarticle');
INSERT INTO `auth_permission` VALUES ('29', 'Can change labels in article', '10', 'change_labelsinarticle');
INSERT INTO `auth_permission` VALUES ('30', 'Can delete labels in article', '10', 'delete_labelsinarticle');
INSERT INTO `auth_permission` VALUES ('31', 'Can add Hit Count', '11', 'add_hitcount');
INSERT INTO `auth_permission` VALUES ('32', 'Can change Hit Count', '11', 'change_hitcount');
INSERT INTO `auth_permission` VALUES ('33', 'Can delete Hit Count', '11', 'delete_hitcount');
INSERT INTO `auth_permission` VALUES ('34', 'Can add hit', '12', 'add_hit');
INSERT INTO `auth_permission` VALUES ('35', 'Can change hit', '12', 'change_hit');
INSERT INTO `auth_permission` VALUES ('36', 'Can delete hit', '12', 'delete_hit');
INSERT INTO `auth_permission` VALUES ('37', 'Can add Blacklisted IP', '13', 'add_blacklistip');
INSERT INTO `auth_permission` VALUES ('38', 'Can change Blacklisted IP', '13', 'change_blacklistip');
INSERT INTO `auth_permission` VALUES ('39', 'Can delete Blacklisted IP', '13', 'delete_blacklistip');
INSERT INTO `auth_permission` VALUES ('40', 'Can add Blacklisted User Agent', '14', 'add_blacklistuseragent');
INSERT INTO `auth_permission` VALUES ('41', 'Can change Blacklisted User Agent', '14', 'change_blacklistuseragent');
INSERT INTO `auth_permission` VALUES ('42', 'Can delete Blacklisted User Agent', '14', 'delete_blacklistuseragent');

-- ----------------------------
-- Table structure for `auth_user`
-- ----------------------------
DROP TABLE IF EXISTS `auth_user`;
CREATE TABLE `auth_user` (
  `id` int(11) NOT NULL AUTO_INCREMENT,
  `password` varchar(128) NOT NULL,
  `last_login` datetime NOT NULL,
  `is_superuser` tinyint(1) NOT NULL,
  `username` varchar(30) NOT NULL,
  `first_name` varchar(30) NOT NULL,
  `last_name` varchar(30) NOT NULL,
  `email` varchar(75) NOT NULL,
  `is_staff` tinyint(1) NOT NULL,
  `is_active` tinyint(1) NOT NULL,
  `date_joined` datetime NOT NULL,
  PRIMARY KEY (`id`),
  UNIQUE KEY `username` (`username`)
) ENGINE=InnoDB AUTO_INCREMENT=2 DEFAULT CHARSET=utf8;

-- ----------------------------
-- Records of auth_user
-- ----------------------------
INSERT INTO `auth_user` VALUES ('1', 'pbkdf2_sha256$12000$V0qX9BrldUho$meDWHAyn8+GjV/FIQ6IaSYYiDLAP6SlyZV+8mq8u780=', '2014-09-07 09:21:25', '1', 'zyd', '', '', 'zydmayday@sina.com', '1', '1', '2014-09-07 09:03:21');

-- ----------------------------
-- Table structure for `auth_user_groups`
-- ----------------------------
DROP TABLE IF EXISTS `auth_user_groups`;
CREATE TABLE `auth_user_groups` (
  `id` int(11) NOT NULL AUTO_INCREMENT,
  `user_id` int(11) NOT NULL,
  `group_id` int(11) NOT NULL,
  PRIMARY KEY (`id`),
  UNIQUE KEY `user_id` (`user_id`,`group_id`),
  KEY `auth_user_groups_6340c63c` (`user_id`),
  KEY `auth_user_groups_5f412f9a` (`group_id`),
  CONSTRAINT `group_id_refs_id_274b862c` FOREIGN KEY (`group_id`) REFERENCES `auth_group` (`id`),
  CONSTRAINT `user_id_refs_id_40c41112` FOREIGN KEY (`user_id`) REFERENCES `auth_user` (`id`)
) ENGINE=InnoDB DEFAULT CHARSET=utf8;

-- ----------------------------
-- Records of auth_user_groups
-- ----------------------------

-- ----------------------------
-- Table structure for `auth_user_user_permissions`
-- ----------------------------
DROP TABLE IF EXISTS `auth_user_user_permissions`;
CREATE TABLE `auth_user_user_permissions` (
  `id` int(11) NOT NULL AUTO_INCREMENT,
  `user_id` int(11) NOT NULL,
  `permission_id` int(11) NOT NULL,
  PRIMARY KEY (`id`),
  UNIQUE KEY `user_id` (`user_id`,`permission_id`),
  KEY `auth_user_user_permissions_6340c63c` (`user_id`),
  KEY `auth_user_user_permissions_83d7f98b` (`permission_id`),
  CONSTRAINT `permission_id_refs_id_35d9ac25` FOREIGN KEY (`permission_id`) REFERENCES `auth_permission` (`id`),
  CONSTRAINT `user_id_refs_id_4dc23c39` FOREIGN KEY (`user_id`) REFERENCES `auth_user` (`id`)
) ENGINE=InnoDB DEFAULT CHARSET=utf8;

-- ----------------------------
-- Records of auth_user_user_permissions
-- ----------------------------

-- ----------------------------
-- Table structure for `django_admin_log`
-- ----------------------------
DROP TABLE IF EXISTS `django_admin_log`;
CREATE TABLE `django_admin_log` (
  `id` int(11) NOT NULL AUTO_INCREMENT,
  `action_time` datetime NOT NULL,
  `user_id` int(11) NOT NULL,
  `content_type_id` int(11) DEFAULT NULL,
  `object_id` longtext,
  `object_repr` varchar(200) NOT NULL,
  `action_flag` smallint(5) unsigned NOT NULL,
  `change_message` longtext NOT NULL,
  PRIMARY KEY (`id`),
  KEY `django_admin_log_6340c63c` (`user_id`),
  KEY `django_admin_log_37ef4eb4` (`content_type_id`),
  CONSTRAINT `content_type_id_refs_id_93d2d1f8` FOREIGN KEY (`content_type_id`) REFERENCES `django_content_type` (`id`),
  CONSTRAINT `user_id_refs_id_c0d12874` FOREIGN KEY (`user_id`) REFERENCES `auth_user` (`id`)
) ENGINE=InnoDB AUTO_INCREMENT=21 DEFAULT CHARSET=utf8;

-- ----------------------------
-- Records of django_admin_log
-- ----------------------------
INSERT INTO `django_admin_log` VALUES ('1', '2014-09-07 09:21:33', '1', '9', '1', 'Article object', '1', '');
INSERT INTO `django_admin_log` VALUES ('2', '2014-09-07 09:23:53', '1', '8', '1', 'Label object', '1', '');
INSERT INTO `django_admin_log` VALUES ('3', '2014-09-08 07:36:33', '1', '8', '4', 'Label object', '3', '');
INSERT INTO `django_admin_log` VALUES ('4', '2014-09-08 07:36:53', '1', '8', '1', 'Label object', '3', '');
INSERT INTO `django_admin_log` VALUES ('5', '2014-09-08 08:55:07', '1', '8', '10', '', '3', '');
INSERT INTO `django_admin_log` VALUES ('6', '2014-09-08 09:24:03', '1', '9', '10', '201409081655', '3', '');
INSERT INTO `django_admin_log` VALUES ('7', '2014-09-08 09:24:03', '1', '9', '9', '201409081652', '3', '');
INSERT INTO `django_admin_log` VALUES ('8', '2014-09-08 09:24:03', '1', '9', '8', '201409081650', '3', '');
INSERT INTO `django_admin_log` VALUES ('9', '2014-09-08 09:24:03', '1', '9', '7', '201409081649', '3', '');
INSERT INTO `django_admin_log` VALUES ('10', '2014-09-08 09:24:03', '1', '9', '6', '201409081648', '3', '');
INSERT INTO `django_admin_log` VALUES ('11', '2014-09-08 09:24:03', '1', '9', '5', '201409081646', '3', '');
INSERT INTO `django_admin_log` VALUES ('12', '2014-09-08 09:24:03', '1', '9', '4', '201409081646', '3', '');
INSERT INTO `django_admin_log` VALUES ('13', '2014-09-08 09:24:04', '1', '9', '3', '标题', '3', '');
INSERT INTO `django_admin_log` VALUES ('14', '2014-09-08 09:24:04', '1', '9', '2', '123', '3', '');
INSERT INTO `django_admin_log` VALUES ('15', '2014-09-08 09:24:04', '1', '9', '1', '123', '3', '');
INSERT INTO `django_admin_log` VALUES ('16', '2014-09-08 15:31:29', '1', '9', '16', '第一篇博客，中秋快乐', '2', 'Changed raw_content and markdown_content.');
INSERT INTO `django_admin_log` VALUES ('17', '2014-09-08 15:32:17', '1', '9', '16', '第一篇博客，中秋快乐', '2', 'Changed raw_content and markdown_content.');
INSERT INTO `django_admin_log` VALUES ('18', '2014-09-08 15:33:24', '1', '9', '16', '第一篇博客，中秋快乐', '2', 'Changed markdown_content.');
INSERT INTO `django_admin_log` VALUES ('19', '2014-09-08 16:08:02', '1', '9', '16', '第一篇博客，中秋快乐', '2', 'Changed markdown_content.');
INSERT INTO `django_admin_log` VALUES ('20', '2014-09-08 16:08:28', '1', '9', '16', '第一篇博客，中秋快乐', '2', 'Changed markdown_content.');

-- ----------------------------
-- Table structure for `django_content_type`
-- ----------------------------
DROP TABLE IF EXISTS `django_content_type`;
CREATE TABLE `django_content_type` (
  `id` int(11) NOT NULL AUTO_INCREMENT,
  `name` varchar(100) NOT NULL,
  `app_label` varchar(100) NOT NULL,
  `model` varchar(100) NOT NULL,
  PRIMARY KEY (`id`),
  UNIQUE KEY `app_label` (`app_label`,`model`)
) ENGINE=InnoDB AUTO_INCREMENT=15 DEFAULT CHARSET=utf8;

-- ----------------------------
-- Records of django_content_type
-- ----------------------------
INSERT INTO `django_content_type` VALUES ('1', 'log entry', 'admin', 'logentry');
INSERT INTO `django_content_type` VALUES ('2', 'permission', 'auth', 'permission');
INSERT INTO `django_content_type` VALUES ('3', 'group', 'auth', 'group');
INSERT INTO `django_content_type` VALUES ('4', 'user', 'auth', 'user');
INSERT INTO `django_content_type` VALUES ('5', 'content type', 'contenttypes', 'contenttype');
INSERT INTO `django_content_type` VALUES ('6', 'session', 'sessions', 'session');
INSERT INTO `django_content_type` VALUES ('7', 'migration history', 'south', 'migrationhistory');
INSERT INTO `django_content_type` VALUES ('8', 'label', 'article', 'label');
INSERT INTO `django_content_type` VALUES ('9', 'article', 'article', 'article');
INSERT INTO `django_content_type` VALUES ('10', 'labels in article', 'article', 'labelsinarticle');
INSERT INTO `django_content_type` VALUES ('11', 'Hit Count', 'hitcount', 'hitcount');
INSERT INTO `django_content_type` VALUES ('12', 'hit', 'hitcount', 'hit');
INSERT INTO `django_content_type` VALUES ('13', 'Blacklisted IP', 'hitcount', 'blacklistip');
INSERT INTO `django_content_type` VALUES ('14', 'Blacklisted User Agent', 'hitcount', 'blacklistuseragent');

-- ----------------------------
-- Table structure for `django_session`
-- ----------------------------
DROP TABLE IF EXISTS `django_session`;
CREATE TABLE `django_session` (
  `session_key` varchar(40) NOT NULL,
  `session_data` longtext NOT NULL,
  `expire_date` datetime NOT NULL,
  PRIMARY KEY (`session_key`),
  KEY `django_session_b7b81f0c` (`expire_date`)
) ENGINE=InnoDB DEFAULT CHARSET=utf8;

-- ----------------------------
-- Records of django_session
-- ----------------------------
INSERT INTO `django_session` VALUES ('hhjw7aq2o90fcvs3azuheuv9oer9bqix', 'N2VlYWIyNDE4OGE0MzQwMDE3MjkxNDNlZmYzNzY3NDg1MTU5NDM2Zjp7fQ==', '2014-09-24 13:02:58');
INSERT INTO `django_session` VALUES ('n5ejrz16vb6aqq7onnap1ig90c9wh8ri', 'OWUzNDUyYTE2MDZhNmVmZmQ1YWMwYmI1NDVlY2RiNWIzYWM5YzRjNjp7Il9hdXRoX3VzZXJfYmFja2VuZCI6ImRqYW5nby5jb250cmliLmF1dGguYmFja2VuZHMuTW9kZWxCYWNrZW5kIiwiX2F1dGhfdXNlcl9pZCI6MX0=', '2014-09-21 09:21:25');
INSERT INTO `django_session` VALUES ('svtxni3961cvmv5xasxkob4ni6e0ivvi', 'N2VlYWIyNDE4OGE0MzQwMDE3MjkxNDNlZmYzNzY3NDg1MTU5NDM2Zjp7fQ==', '2014-09-24 13:03:00');

-- ----------------------------
-- Table structure for `hitcount_blacklist_ip`
-- ----------------------------
DROP TABLE IF EXISTS `hitcount_blacklist_ip`;
CREATE TABLE `hitcount_blacklist_ip` (
  `id` int(11) NOT NULL AUTO_INCREMENT,
  `ip` varchar(40) NOT NULL,
  PRIMARY KEY (`id`),
  UNIQUE KEY `ip` (`ip`)
) ENGINE=InnoDB DEFAULT CHARSET=utf8;

-- ----------------------------
-- Records of hitcount_blacklist_ip
-- ----------------------------

-- ----------------------------
-- Table structure for `hitcount_blacklist_user_agent`
-- ----------------------------
DROP TABLE IF EXISTS `hitcount_blacklist_user_agent`;
CREATE TABLE `hitcount_blacklist_user_agent` (
  `id` int(11) NOT NULL AUTO_INCREMENT,
  `user_agent` varchar(255) NOT NULL,
  PRIMARY KEY (`id`),
  UNIQUE KEY `user_agent` (`user_agent`)
) ENGINE=InnoDB DEFAULT CHARSET=utf8;

-- ----------------------------
-- Records of hitcount_blacklist_user_agent
-- ----------------------------

-- ----------------------------
-- Table structure for `hitcount_hit`
-- ----------------------------
DROP TABLE IF EXISTS `hitcount_hit`;
CREATE TABLE `hitcount_hit` (
  `id` int(11) NOT NULL AUTO_INCREMENT,
  `created` datetime NOT NULL,
  `ip` varchar(40) NOT NULL,
  `session` varchar(40) NOT NULL,
  `user_agent` varchar(255) NOT NULL,
  `user_id` int(11) DEFAULT NULL,
  `hitcount_id` int(11) NOT NULL,
  PRIMARY KEY (`id`),
  KEY `hitcount_hit_6340c63c` (`user_id`),
  KEY `hitcount_hit_5d454338` (`hitcount_id`),
  CONSTRAINT `user_id_refs_id_c590dc8a` FOREIGN KEY (`user_id`) REFERENCES `auth_user` (`id`),
  CONSTRAINT `hitcount_id_refs_id_599ac5b9` FOREIGN KEY (`hitcount_id`) REFERENCES `hitcount_hit_count` (`id`)
) ENGINE=InnoDB AUTO_INCREMENT=6 DEFAULT CHARSET=utf8;

-- ----------------------------
-- Records of hitcount_hit
-- ----------------------------
INSERT INTO `hitcount_hit` VALUES ('1', '2014-09-10 04:31:58', '127.0.0.1', 'n5ejrz16vb6aqq7onnap1ig90c9wh8ri', 'Mozilla/5.0 (Windows NT 6.3; WOW64; rv:32.0) Gecko/20100101 Firefox/32.0', '1', '1');
INSERT INTO `hitcount_hit` VALUES ('2', '2014-09-10 04:32:24', '127.0.0.1', 'n5ejrz16vb6aqq7onnap1ig90c9wh8ri', 'Mozilla/5.0 (Windows NT 6.3; WOW64; rv:32.0) Gecko/20100101 Firefox/32.0', '1', '2');
INSERT INTO `hitcount_hit` VALUES ('3', '2014-09-10 04:35:46', '127.0.0.1', 'n5ejrz16vb6aqq7onnap1ig90c9wh8ri', 'Mozilla/5.0 (Windows NT 6.3; WOW64; rv:32.0) Gecko/20100101 Firefox/32.0', '1', '3');
INSERT INTO `hitcount_hit` VALUES ('4', '2014-09-10 04:45:08', '127.0.0.1', 'n5ejrz16vb6aqq7onnap1ig90c9wh8ri', 'Mozilla/5.0 (Windows NT 6.3; WOW64; rv:32.0) Gecko/20100101 Firefox/32.0', '1', '4');
INSERT INTO `hitcount_hit` VALUES ('5', '2014-09-10 05:03:00', '127.0.0.1', 'svtxni3961cvmv5xasxkob4ni6e0ivvi', 'Mozilla/5.0 (Windows NT 6.2; WOW64) AppleWebKit/537.36 (KHTML, like Gecko) Chrome/28.0.1500.72 Safari/537.36', null, '3');

-- ----------------------------
-- Table structure for `hitcount_hit_count`
-- ----------------------------
DROP TABLE IF EXISTS `hitcount_hit_count`;
CREATE TABLE `hitcount_hit_count` (
  `id` int(11) NOT NULL AUTO_INCREMENT,
  `hits` int(10) unsigned NOT NULL,
  `modified` datetime NOT NULL,
  `content_type_id` int(11) NOT NULL,
  `object_pk` longtext NOT NULL,
  PRIMARY KEY (`id`),
  KEY `hitcount_hit_count_37ef4eb4` (`content_type_id`),
  CONSTRAINT `content_type_id_refs_id_249c78f3` FOREIGN KEY (`content_type_id`) REFERENCES `django_content_type` (`id`)
) ENGINE=InnoDB AUTO_INCREMENT=6 DEFAULT CHARSET=utf8;

-- ----------------------------
-- Records of hitcount_hit_count
-- ----------------------------
INSERT INTO `hitcount_hit_count` VALUES ('1', '1', '2014-09-10 04:31:57', '9', '28');
INSERT INTO `hitcount_hit_count` VALUES ('2', '1', '2014-09-10 04:32:24', '9', '32');
INSERT INTO `hitcount_hit_count` VALUES ('3', '2', '2014-09-10 05:02:58', '9', '31');
INSERT INTO `hitcount_hit_count` VALUES ('4', '1', '2014-09-10 04:45:08', '9', '30');
INSERT INTO `hitcount_hit_count` VALUES ('5', '0', '2014-09-10 04:35:20', '9', '29');

-- ----------------------------
-- Table structure for `south_migrationhistory`
-- ----------------------------
DROP TABLE IF EXISTS `south_migrationhistory`;
CREATE TABLE `south_migrationhistory` (
  `id` int(11) NOT NULL AUTO_INCREMENT,
  `app_name` varchar(255) NOT NULL,
  `migration` varchar(255) NOT NULL,
  `applied` datetime NOT NULL,
  PRIMARY KEY (`id`)
) ENGINE=InnoDB AUTO_INCREMENT=10 DEFAULT CHARSET=utf8;

-- ----------------------------
-- Records of south_migrationhistory
-- ----------------------------
INSERT INTO `south_migrationhistory` VALUES ('1', 'article', '0001_initial', '2014-09-07 09:09:00');
INSERT INTO `south_migrationhistory` VALUES ('2', 'article', '0002_auto__add_field_label_number_is_used', '2014-09-08 09:23:54');
INSERT INTO `south_migrationhistory` VALUES ('3', 'article', '0003_auto__del_field_article_content__add_field_article_raw_content__add_fi', '2014-09-08 15:18:13');
INSERT INTO `south_migrationhistory` VALUES ('4', 'article', '0004_auto__add_field_article_abstract', '2014-09-08 16:18:36');
INSERT INTO `south_migrationhistory` VALUES ('5', 'article', '0005_auto__del_field_article_abstract', '2014-09-08 16:39:30');
INSERT INTO `south_migrationhistory` VALUES ('6', 'article', '0006_auto__add_field_article_view_count', '2014-09-09 14:26:38');
INSERT INTO `south_migrationhistory` VALUES ('7', 'hitcount', '0001_initial', '2014-09-10 12:31:51');
INSERT INTO `south_migrationhistory` VALUES ('8', 'article', '0007_auto__add_field_article_last_edit_time__add_field_article_last_view_ti', '2014-09-10 12:40:15');
INSERT INTO `south_migrationhistory` VALUES ('9', 'article', '0008_auto__del_field_article_view_count', '2014-09-10 12:40:48');
